Workbook
Name Slicer_City: #N/A

Sheet ev_charging_network_usage_
A1: Session_ID | B1: City | C1: Station_Type | D1: Vehicle_Type | E1: Membership_Type | F1: Charging_Start | G1: Charging_End | H1: Charging_Duration_Minutes | I1: Energy_Consumed_kWh | J1: Price_per_kWh | K1: Revenue | L1: Payment_Mode | M1: Customer_Rating | N1: Energy Level | O1: Customer Satisfaction | P1: Chaging Time Category | Q1: Station Code | R1: Time | S1: Date
A2: EVS100000 | B2: Delhi | C2: Super Fast Charger | D2: 4W EV | E2: Non-Member | F2: 45109.467 | G2: 45109.524 | H2: 82 | I2: 2.01 | J2: 10 | K2: 20.1 | L2: Wallet | M2: 4 | N2: =IF(ev_charging_network_usage_!$I2<=10,"Low",IF(ev_charging_network_usage_!$I2<=30,"Medium","High")) -> Low | O2: =IF(M2<=2,"Low Satisfaction",IF(M2<=4,"Medium Satisfaction","High Satisfaction")) -> Medium Satisfaction | P2: =IF(ev_charging_network_usage_!$H2<30,"Short Charging",IF(ev_charging_network_usage_!$H2<=60,"Medium Charging","Long Charging")) -> Long Charging | Q2: =IF(C2="Fast Charger",1,IF(C2="Standard Charger",2,IF(C2="Super Fast Charger",3,""))) -> 3 | R2: =TIME(HOUR(F2),MINUTE(F2),SECOND(F2)) -> 0.46666667 | S2: =DATE(YEAR(F2),MONTH(F2),DAY(F2)) -> 45109
A3: EVS100001 | B3: Kolkata | C3: Fast Charger | D3: 3W EV | E3: Non-Member | F3: 45483.625 | G3: 45483.643 | H3: 26 | I3: 25 | J3: 8 | K3: 200 | L3: UPI | M3: 5 | N3: =IF(ev_charging_network_usage_!$I3<=10,"Low",IF(ev_charging_network_usage_!$I3<=30,"Medium","High")) -> Medium | O3: =IF(M3<=2,"Low Satisfaction",IF(M3<=4,"Medium Satisfaction","High Satisfaction")) -> High Satisfaction | P3: =IF(ev_charging_network_usage_!$H3<30,"Short Charging",IF(ev_charging_network_usage_!$H3<=60,"Medium Charging","Long Charging")) -> Short Charging | Q3: =IF(C3="Fast Charger",1,IF(C3="Standard Charger",2,IF(C3="Super Fast Charger",3,""))) -> 1 | R3: =TIME(HOUR(F3),MINUTE(F3),SECOND(F3)) -> 0.625 | S3: =DATE(YEAR(F3),MONTH(F3),DAY(F3)) -> 45483
A4: EVS100002 | B4: Kolkata | C4: Fast Charger | D4: 3W EV | E4: Non-Member | F4: 26-01-2024 18:20 | G4: 26-01-2024 20:11 | H4: 111 | I4: 41.74 | J4: 12 | K4: 500.88 | L4: Subscription | M4: 4 | N4: =IF(ev_charging_network_usage_!$I4<=10,"Low",IF(ev_charging_network_usage_!$I4<=30,"Medium","High")) -> High | O4: =IF(M4<=2,"Low Satisfaction",IF(M4<=4,"Medium Satisfaction","High Satisfaction")) -> Medium Satisfaction | P4: =IF(ev_charging_network_usage_!$H4<30,"Short Charging",IF(ev_charging_network_usage_!$H4<=60,"Medium Charging","Long Charging")) -> Long Charging | Q4: =IF(C4="Fast Charger",1,IF(C4="Standard Charger",2,IF(C4="Super Fast Charger",3,""))) -> 1 | R4: =TIME(HOUR(F4),MINUTE(F4),SECOND(F4)) -> 0.76388889 | S4: =DATE(YEAR(F4),MONTH(F4),DAY(F4)) -> 45317
A5: EVS100003 | B5: Hyderabad | C5: Standard Charger | D5: Electric Bus | E5: Non-Member | F5: 45208.436 | G5: 45208.463 | H5: 39 | I5: 33 | J5: 10 | K5: 330 | L5: Subscription | M5: 5 | N5: =IF(ev_charging_network_usage_!$I5<=10,"Low",IF(ev_charging_network_usage_!$I5<=30,"Medium","High")) -> High | O5: =IF(M5<=2,"Low Satisfaction",IF(M5<=4,"Medium Satisfaction","High Satisfaction")) -> High Satisfaction | P5: =IF(ev_charging_network_usage_!$H5<30,"Short Charging",IF(ev_charging_network_usage_!$H5<=60,"Medium Charging","Long Charging")) -> Medium Charging | Q5: =IF(C5="Fast Charger",1,IF(C5="Standard Charger",2,IF(C5="Super Fast Charger",3,""))) -> 2 | R5: =TIME(HOUR(F5),MINUTE(F5),SECOND(F5)) -> 0.43611111 | S5: =DATE(YEAR(F5),MONTH(F5),DAY(F5)) -> 45208
A6: EVS100004 | B6: Kolkata | C6: Fast Charger | D6: Electric Bus | E6: Non-Member | F6: 45024.987 | G6: 45054.059 | H6: 104 | I6: 13.49 | J6: 12 | K6: 161.88 | L6: Subscription | M6: 2 | N6: =IF(ev_charging_network_usage_!$I6<=10,"Low",IF(ev_charging_network_usage_!$I6<=30,"Medium","High")) -> Medium | O6: =IF(M6<=2,"Low Satisfaction",IF(M6<=4,"Medium Satisfaction","High Satisfaction")) -> Low Satisfaction | P6: =IF(ev_charging_network_usage_!$H6<30,"Short Charging",IF(ev_charging_network_usage_!$H6<=60,"Medium Charging","Long Charging")) -> Long Charging | Q6: =IF(C6="Fast Charger",1,IF(C6="Standard Charger",2,IF(C6="Super Fast Charger",3,""))) -> 1 | R6: =TIME(HOUR(F6),MINUTE(F6),SECOND(F6)) -> 0.98680556 | S6: =DATE(YEAR(F6),MONTH(F6),DAY(F6)) -> 45024
A7: EVS100005 | B7: Kolkata | C7: Fast Charger | D7: 2W EV | E7: Member | F7: 29-01-2024 07:22 | G7: 29-01-2024 08:29 | H7: 67 | I7: 52.83 | J7: 8 | K7: 422.64 | L7: Credit Card | M7: 5 | N7: =IF(ev_charging_network_usage_!$I7<=10,"Low",IF(ev_charging_network_usage_!$I7<=30,"Medium","High")) -> High | O7: =IF(M7<=2,"Low Satisfaction",IF(M7<=4,"Medium Satisfaction","High Satisfaction")) -> High Satisfaction | P7: =IF(ev_charging_network_usage_!$H7<30,"Short Charging",IF(ev_charging_network_usage_!$H7<=60,"Medium Charging","Long Charging")) -> Long Charging | Q7: =IF(C7="Fast Charger",1,IF(C7="Standard Charger",2,IF(C7="Super Fast Charger",3,""))) -> 1 | R7: =TIME(HOUR(F7),MINUTE(F7),SECOND(F7)) -> 0.30694444 | S7: =DATE(YEAR(F7),MONTH(F7),DAY(F7)) -> 45320 | V7: City | W7: Average Energy Consumption | X7: Average Charging duration | Z7: UNIQUE CITIES
A8: EVS100006 | B8: Delhi | C8: Standard Charger | D8: 2W EV | E8: Member | F8: 29-07-2023 08:24 | G8: 29-07-2023 08:47 | H8: 23 | I8: 17.84 | J8: 8 | K8: 142.72 | L8: Subscription | M8: 3 | N8: =IF(ev_charging_network_usage_!$I8<=10,"Low",IF(ev_charging_network_usage_!$I8<=30,"Medium","High")) -> Medium | O8: =IF(M8<=2,"Low Satisfaction",IF(M8<=4,"Medium Satisfaction","High Satisfaction")) -> Medium Satisfaction | P8: =IF(ev_charging_network_usage_!$H8<30,"Short Charging",IF(ev_charging_network_usage_!$H8<=60,"Medium Charging","Long Charging")) -> Short Charging | Q8: =IF(C8="Fast Charger",1,IF(C8="Standard Charger",2,IF(C8="Super Fast Charger",3,""))) -> 2 | R8: =TIME(HOUR(F8),MINUTE(F8),SECOND(F8)) -> 0.35 | S8: =DATE(YEAR(F8),MONTH(F8),DAY(F8)) -> 45136 | V8: City Delhi | W8: =AVERAGEIF(B:B,B2,I:I) -> 30.491427 | X8: =AVERAGEIF(B:B,B2,H:H) -> 64.018138 | Z8: {=_xlfn.UNIQUE(B:B)} -> City
A9: EVS100007 | B9: Ahmedabad | C9: Fast Charger | D9: 3W EV | E9: Non-Member | F9: 25-09-2024 08:30 | G9: 25-09-2024 09:51 | H9: 81 | I9: 26.42 | J9: 8 | K9: 211.36 | L9: Credit Card | M9: 2 | N9: =IF(ev_charging_network_usage_!$I9<=10,"Low",IF(ev_charging_network_usage_!$I9<=30,"Medium","High")) -> Medium | O9: =IF(M9<=2,"Low Satisfaction",IF(M9<=4,"Medium Satisfaction","High Satisfaction")) -> Low Satisfaction | P9: =IF(ev_charging_network_usage_!$H9<30,"Short Charging",IF(ev_charging_network_usage_!$H9<=60,"Medium Charging","Long Charging")) -> Long Charging | Q9: =IF(C9="Fast Charger",1,IF(C9="Standard Charger",2,IF(C9="Super Fast Charger",3,""))) -> 1 | R9: =TIME(HOUR(F9),MINUTE(F9),SECOND(F9)) -> 0.35416667 | S9: =DATE(YEAR(F9),MONTH(F9),DAY(F9)) -> 45560 | V9: City Banglore | W9: =AVERAGEIF(B:B,B13,I:I) -> 30.477665 | X9: =AVERAGEIF(B:B,B13,H:H) -> 64.96066 | Z9: Delhi
A10: EVS100008 | B10: Delhi | C10: Fast Charger | D10: 2W EV | E10: Member | F10: 45210.128 | G10: 45210.151 | H10: 34 | I10: 20.3 | J10: 12 | K10: 243.6 | L10: Wallet | M10: 5 | N10: =IF(ev_charging_network_usage_!$I10<=10,"Low",IF(ev_charging_network_usage_!$I10<=30,"Medium","High")) -> Medium | O10: =IF(M10<=2,"Low Satisfaction",IF(M10<=4,"Medium Satisfaction","High Satisfaction")) -> High Satisfaction | P10: =IF(ev_charging_network_usage_!$H10<30,"Short Charging",IF(ev_charging_network_usage_!$H10<=60,"Medium Charging","Long Charging")) -> Medium Charging | Q10: =IF(C10="Fast Charger",1,IF(C10="Standard Charger",2,IF(C10="Super Fast Charger",3,""))) -> 1 | R10: =TIME(HOUR(F10),MINUTE(F10),SECOND(F10)) -> 0.12777778 | S10: =DATE(YEAR(F10),MONTH(F10),DAY(F10)) -> 45210 | V10: City Ahmedabad | W10: =AVERAGEIF(B:B,B9,I:I) -> 30.429816 | X10: =AVERAGEIF(B:B,B9,H:H) -> 62.651961 | Z10: Kolkata
A11: EVS100009 | B11: Chennai | C11: Super Fast Charger | D11: Electric Bus | E11: Non-Member | F11: 27-01-2023 20:16 | G11: 27-01-2023 22:15 | H11: 119 | I11: 3.98 | J11: 10 | K11: 39.8 | L11: Credit Card | M11: 3 | N11: =IF(ev_charging_network_usage_!$I11<=10,"Low",IF(ev_charging_network_usage_!$I11<=30,"Medium","High")) -> Low | O11: =IF(M11<=2,"Low Satisfaction",IF(M11<=4,"Medium Satisfaction","High Satisfaction")) -> Medium Satisfaction | P11: =IF(ev_charging_network_usage_!$H11<30,"Short Charging",IF(ev_charging_network_usage_!$H11<=60,"Medium Charging","Long Charging")) -> Long Charging | Q11: =IF(C11="Fast Charger",1,IF(C11="Standard Charger",2,IF(C11="Super Fast Charger",3,""))) -> 3 | R11: =TIME(HOUR(F11),MINUTE(F11),SECOND(F11)) -> 0.84444444 | S11: =DATE(YEAR(F11),MONTH(F11),DAY(F11)) -> 44953 | V11: City Hyderabad | W11: =AVERAGEIF(B:B,B5,I:I) -> 31.818596 | X11: =AVERAGEIF(B:B,B5,H:H) -> 63.504843 | Z11: Hyderabad
A12: EVS100010 | B12: Chennai | C12: Fast Charger | D12: Electric Bus | E12: Non-Member | F12: 16-01-2023 00:04 | G12: 16-01-2023 00:39 | H12: 35 | I12: 18.27 | J12: 15 | K12: 274.05 | L12: Subscription | M12: 3 | N12: =IF(ev_charging_network_usage_!$I12<=10,"Low",IF(ev_charging_network_usage_!$I12<=30,"Medium","High")) -> Medium | O12: =IF(M12<=2,"Low Satisfaction",IF(M12<=4,"Medium Satisfaction","High Satisfaction")) -> Medium Satisfaction | P12: =IF(ev_charging_network_usage_!$H12<30,"Short Charging",IF(ev_charging_network_usage_!$H12<=60,"Medium Charging","Long Charging")) -> Medium Charging | Q12: =IF(C12="Fast Charger",1,IF(C12="Standard Charger",2,IF(C12="Super Fast Charger",3,""))) -> 1 | R12: =TIME(HOUR(F12),MINUTE(F12),SECOND(F12)) -> 0.0027777778 | S12: =DATE(YEAR(F12),MONTH(F12),DAY(F12)) -> 44942 | V12: City Chennai | W12: =AVERAGEIF(B:B,B11,I:I) -> 30.26599 | X12: =AVERAGEIF(B:B,B11,H:H) -> 64.364882 | Z12: Ahmedabad
A13: EVS100011 | B13: Bangalore | C13: Super Fast Charger | D13: 3W EV | E13: Member | F13: 27-10-2024 08:22 | G13: 27-10-2024 08:41 | H13: 19 | I13: 7.58 | J13: 15 | K13: 113.7 | L13: Credit Card | M13: 5 | N13: =IF(ev_charging_network_usage_!$I13<=10,"Low",IF(ev_charging_network_usage_!$I13<=30,"Medium","High")) -> Low | O13: =IF(M13<=2,"Low Satisfaction",IF(M13<=4,"Medium Satisfaction","High Satisfaction")) -> High Satisfaction | P13: =IF(ev_charging_network_usage_!$H13<30,"Short Charging",IF(ev_charging_network_usage_!$H13<=60,"Medium Charging","Long Charging")) -> Short Charging | Q13: =IF(C13="Fast Charger",1,IF(C13="Standard Charger",2,IF(C13="Super Fast Charger",3,""))) -> 3 | R13: =TIME(HOUR(F13),MINUTE(F13),SECOND(F13)) -> 0.34861111 | S13: =DATE(YEAR(F13),MONTH(F13),DAY(F13)) -> 45592 | V13: City Mumbai | W13: =AVERAGEIF(B:B,B22,I:I) -> 31.104659 | X13: =AVERAGEIF(B:B,B22,H:H) -> 63.280566 | Z13: Chennai
A14: EVS100012 | B14: Pune | C14: Super Fast Charger | D14: 2W EV | E14: Non-Member | F14: 45052.248 | G14: 45052.312 | H14: 93 | I14: 55.18 | J14: 12 | K14: 662.16 | L14: Credit Card | M14: 1 | N14: =IF(ev_charging_network_usage_!$I14<=10,"Low",IF(ev_charging_network_usage_!$I14<=30,"Medium","High")) -> High | O14: =IF(M14<=2,"Low Satisfaction",IF(M14<=4,"Medium Satisfaction","High Satisfaction")) -> Low Satisfaction | P14: =IF(ev_charging_network_usage_!$H14<30,"Short Charging",IF(ev_charging_network_usage_!$H14<=60,"Medium Charging","Long Charging")) -> Long Charging | Q14: =IF(C14="Fast Charger",1,IF(C14="Standard Charger",2,IF(C14="Super Fast Charger",3,""))) -> 3 | R14: =TIME(HOUR(F14),MINUTE(F14),SECOND(F14)) -> 0.24791667 | S14: =DATE(YEAR(F14),MONTH(F14),DAY(F14)) -> 45052 | V14: City Pune | W14: =AVERAGEIF(B:B,Table2[[#This Row],[City]],I:I) -> 31.42577 | X14: =AVERAGEIF(B:B,Table2[[#This Row],[City]],H:H) -> 65.718434 | Z14: Bangalore
A15: EVS100013 | B15: Hyderabad | C15: Standard Charger | D15: 2W EV | E15: Non-Member | F15: 23-02-2024 10:23 | G15: 23-02-2024 10:48 | H15: 25 | I15: 5.1 | J15: 15 | K15: 76.5 | L15: Subscription | M15: 2 | N15: =IF(ev_charging_network_usage_!$I15<=10,"Low",IF(ev_charging_network_usage_!$I15<=30,"Medium","High")) -> Low | O15: =IF(M15<=2,"Low Satisfaction",IF(M15<=4,"Medium Satisfaction","High Satisfaction")) -> Low Satisfaction | P15: =IF(ev_charging_network_usage_!$H15<30,"Short Charging",IF(ev_charging_network_usage_!$H15<=60,"Medium Charging","Long Charging")) -> Short Charging | Q15: =IF(C15="Fast Charger",1,IF(C15="Standard Charger",2,IF(C15="Super Fast Charger",3,""))) -> 2 | R15: =TIME(HOUR(F15),MINUTE(F15),SECOND(F15)) -> 0.43263889 | S15: =DATE(YEAR(F15),MONTH(F15),DAY(F15)) -> 45345 | Z15: Pune
A16: EVS100014 | B16: Delhi | C16: Standard Charger | D16: 4W EV | E16: Non-Member | F16: 44935.449 | G16: 44935.478 | H16: 42 | I16: 7.94 | J16: 8 | K16: 63.52 | L16: UPI | M16: 2 | N16: =IF(ev_charging_network_usage_!$I16<=10,"Low",IF(ev_charging_network_usage_!$I16<=30,"Medium","High")) -> Low | O16: =IF(M16<=2,"Low Satisfaction",IF(M16<=4,"Medium Satisfaction","High Satisfaction")) -> Low Satisfaction | P16: =IF(ev_charging_network_usage_!$H16<30,"Short Charging",IF(ev_charging_network_usage_!$H16<=60,"Medium Charging","Long Charging")) -> Medium Charging | Q16: =IF(C16="Fast Charger",1,IF(C16="Standard Charger",2,IF(C16="Super Fast Charger",3,""))) -> 2 | R16: =TIME(HOUR(F16),MINUTE(F16),SECOND(F16)) -> 0.44861111 | S16: =DATE(YEAR(F16),MONTH(F16),DAY(F16)) -> 44935 | Z16: Mumbai
A17: EVS100015 | B17: Chennai | C17: Standard Charger | D17: 4W EV | E17: Non-Member | F17: 45413.544 | G17: 45413.551 | H17: 10 | I17: 4.9 | J17: 15 | K17: 73.5 | L17: Subscription | M17: 5 | N17: =IF(ev_charging_network_usage_!$I17<=10,"Low",IF(ev_charging_network_usage_!$I17<=30,"Medium","High")) -> Low | O17: =IF(M17<=2,"Low Satisfaction",IF(M17<=4,"Medium Satisfaction","High Satisfaction")) -> High Satisfaction | P17: =IF(ev_charging_network_usage_!$H17<30,"Short Charging",IF(ev_charging_network_usage_!$H17<=60,"Medium Charging","Long Charging")) -> Short Charging | Q17: =IF(C17="Fast Charger",1,IF(C17="Standard Charger",2,IF(C17="Super Fast Charger",3,""))) -> 2 | R17: =TIME(HOUR(F17),MINUTE(F17),SECOND(F17)) -> 0.54375 | S17: =DATE(YEAR(F17),MONTH(F17),DAY(F17)) -> 45413 | Z17: 0
A18: EVS100016 | B18: Hyderabad | C18: Fast Charger | D18: 4W EV | E18: Non-Member | F18: 14-04-2024 06:02 | G18: 14-04-2024 07:28 | H18: 86 | I18: 3.73 | J18: 15 | K18: 55.95 | L18: UPI | M18: 4 | N18: =IF(ev_charging_network_usage_!$I18<=10,"Low",IF(ev_charging_network_usage_!$I18<=30,"Medium","High")) -> Low | O18: =IF(M18<=2,"Low Satisfaction",IF(M18<=4,"Medium Satisfaction","High Satisfaction")) -> Medium Satisfaction | P18: =IF(ev_charging_network_usage_!$H18<30,"Short Charging",IF(ev_charging_network_usage_!$H18<=60,"Medium Charging","Long Charging")) -> Long Charging | Q18: =IF(C18="Fast Charger",1,IF(C18="Standard Charger",2,IF(C18="Super Fast Charger",3,""))) -> 1 | R18: =TIME(HOUR(F18),MINUTE(F18),SECOND(F18)) -> 0.25138889 | S18: =DATE(YEAR(F18),MONTH(F18),DAY(F18)) -> 45396
A19: EVS100017 | B19: Kolkata | C19: Standard Charger | D19: 4W EV | E19: Non-Member | F19: 21-09-2023 13:08 | G19: 21-09-2023 14:33 | H19: 85 | I19: 10.08 | J19: 8 | K19: 80.64 | L19: UPI | M19: 5 | N19: =IF(ev_charging_network_usage_!$I19<=10,"Low",IF(ev_charging_network_usage_!$I19<=30,"Medium","High")) -> Medium | O19: =IF(M19<=2,"Low Satisfaction",IF(M19<=4,"Medium Satisfaction","High Satisfaction")) -> High Satisfaction | P19: =IF(ev_charging_network_usage_!$H19<30,"Short Charging",IF(ev_charging_network_usage_!$H19<=60,"Medium Charging","Long Charging")) -> Long Charging | Q19: =IF(C19="Fast Charger",1,IF(C19="Standard Charger",2,IF(C19="Super Fast Charger",3,""))) -> 2 | R19: =TIME(HOUR(F19),MINUTE(F19),SECOND(F19)) -> 0.54722222 | S19: =DATE(YEAR(F19),MONTH(F19),DAY(F19)) -> 45190
A20: EVS100018 | B20: Chennai | C20: Standard Charger | D20: 3W EV | E20: Member | F20: 26-06-2024 04:39 | G20: 26-06-2024 04:56 | H20: 17 | I20: 39.83 | J20: 8 | K20: 318.64 | L20: UPI | M20: 2 | N20: =IF(ev_charging_network_usage_!$I20<=10,"Low",IF(ev_charging_network_usage_!$I20<=30,"Medium","High")) -> High | O20: =IF(M20<=2,"Low Satisfaction",IF(M20<=4,"Medium Satisfaction","High Satisfaction")) -> Low Satisfaction | P20: =IF(ev_charging_network_usage_!$H20<30,"Short Charging",IF(ev_charging_network_usage_!$H20<=60,"Medium Charging","Long Charging")) -> Short Charging | Q20: =IF(C20="Fast Charger",1,IF(C20="Standard Charger",2,IF(C20="Super Fast Charger",3,""))) -> 2 | R20: =TIME(HOUR(F20),MINUTE(F20),SECOND(F20)) -> 0.19375 | S20: =DATE(YEAR(F20),MONTH(F20),DAY(F20)) -> 45469
A21: EVS100019 | B21: Pune | C21: Super Fast Charger | D21: 2W EV | E21: Member | F21: 23-05-2024 18:32 | G21: 23-05-2024 18:55 | H21: 23 | I21: 9.33 | J21: 10 | K21: 93.3 | L21: Subscription | M21: 5 | N21: =IF(ev_charging_network_usage_!$I21<=10,"Low",IF(ev_charging_network_usage_!$I21<=30,"Medium","High")) -> Low | O21: =IF(M21<=2,"Low Satisfaction",IF(M21<=4,"Medium Satisfaction","High Satisfaction")) -> High Satisfaction | P21: =IF(ev_charging_network_usage_!$H21<30,"Short Charging",IF(ev_charging_network_usage_!$H21<=60,"Medium Charging","Long Charging")) -> Short Charging | Q21: =IF(C21="Fast Charger",1,IF(C21="Standard Charger",2,IF(C21="Super Fast Charger",3,""))) -> 3 | R21: =TIME(HOUR(F21),MINUTE(F21),SECOND(F21)) -> 0.77222222 | S21: =DATE(YEAR(F21),MONTH(F21),DAY(F21)) -> 45435 | Z21: =Z21 -> 0
A22: EVS100020 | B22: Mumbai | C22: Fast Charger | D22: Electric Bus | E22: Non-Member | F22: 44963.436 | G22: 44963.457 | H22: 30 | I22: 22.68 | J22: 10 | K22: 226.8 | L22: Credit Card | M22: 2 | N22: =IF(ev_charging_network_usage_!$I22<=10,"Low",IF(ev_charging_network_usage_!$I22<=30,"Medium","High")) -> Medium | O22: =IF(M22<=2,"Low Satisfaction",IF(M22<=4,"Medium Satisfaction","High Satisfaction")) -> Low Satisfaction | P22: =IF(ev_charging_network_usage_!$H22<30,"Short Charging",IF(ev_charging_network_usage_!$H22<=60,"Medium Charging","Long Charging")) -> Medium Charging | Q22: =IF(C22="Fast Charger",1,IF(C22="Standard Charger",2,IF(C22="Super Fast Charger",3,""))) -> 1 | R22: =TIME(HOUR(F22),MINUTE(F22),SECOND(F22)) -> 0.43611111 | S22: =DATE(YEAR(F22),MONTH(F22),DAY(F22)) -> 44963
A23: EVS100021 | B23: Ahmedabad | C23: Super Fast Charger | D23: 2W EV | E23: Non-Member | F23: 29-08-2024 09:24 | G23: 29-08-2024 10:56 | H23: 92 | I23: 30.89 | J23: 8 | K23: 247.12 | L23: Credit Card | M23: 3 | N23: =IF(ev_charging_network_usage_!$I23<=10,"Low",IF(ev_charging_network_usage_!$I23<=30,"Medium","High")) -> High | O23: =IF(M23<=2,"Low Satisfaction",IF(M23<=4,"Medium Satisfaction","High Satisfaction")) -> Medium Satisfaction | P23: =IF(ev_charging_network_usage_!$H23<30,"Short Charging",IF(ev_charging_network_usage_!$H23<=60,"Medium Charging","Long Charging")) -> Long Charging | Q23: =IF(C23="Fast Charger",1,IF(C23="Standard Charger",2,IF(C23="Super Fast Charger",3,""))) -> 3 | R23: =TIME(HOUR(F23),MINUTE(F23),SECOND(F23)) -> 0.39166667 | S23: =DATE(YEAR(F23),MONTH(F23),DAY(F23)) -> 45533
A24: EVS100022 | B24: Kolkata | C24: Standard Charger | D24: 3W EV | E24: Member | F24: 45478.315 | G24: 45478.329 | H24: 20 | I24: 22.61 | J24: 15 | K24: 339.15 | L24: Subscription | M24: 2 | N24: =IF(ev_charging_network_usage_!$I24<=10,"Low",IF(ev_charging_network_usage_!$I24<=30,"Medium","High")) -> Medium | O24: =IF(M24<=2,"Low Satisfaction",IF(M24<=4,"Medium Satisfaction","High Satisfaction")) -> Low Satisfaction | P24: =IF(ev_charging_network_usage_!$H24<30,"Short Charging",IF(ev_charging_network_usage_!$H24<=60,"Medium Charging","Long Charging")) -> Short Charging | Q24: =IF(C24="Fast Charger",1,IF(C24="Standard Charger",2,IF(C24="Super Fast Charger",3,""))) -> 2 | R24: =TIME(HOUR(F24),MINUTE(F24),SECOND(F24)) -> 0.31527778 | S24: =DATE(YEAR(F24),MONTH(F24),DAY(F24)) -> 45478
A25: EVS100023 | B25: Hyderabad | C25: Standard Charger | D25: 2W EV | E25: Non-Member | F25: 15-04-2024 06:02 | G25: 15-04-2024 07:23 | H25: 81 | I25: 46.75 | J25: 8 | K25: 374 | L25: Subscription | M25: 2 | N25: =IF(ev_charging_network_usage_!$I25<=10,"Low",IF(ev_charging_network_usage_!$I25<=30,"Medium","High")) -> High | O25: =IF(M25<=2,"Low Satisfaction",IF(M25<=4,"Medium Satisfaction","High Satisfaction")) -> Low Satisfaction | P25: =IF(ev_charging_network_usage_!$H25<30,"Short Charging",IF(ev_charging_network_usage_!$H25<=60,"Medium Charging","Long Charging")) -> Long Charging | Q25: =IF(C25="Fast Charger",1,IF(C25="Standard Charger",2,IF(C25="Super Fast Charger",3,""))) -> 2 | R25: =TIME(HOUR(F25),MINUTE(F25),SECOND(F25)) -> 0.25138889 | S25: =DATE(YEAR(F25),MONTH(F25),DAY(F25)) -> 45397
A26: EVS100024 | B26: Delhi | C26: Fast Charger | D26: Electric Bus | E26: Member | F26: 20-06-2023 20:54 | G26: 20-06-2023 21:52 | H26: 58 | I26: 2.52 | J26: 15 | K26: 37.8 | L26: UPI | M26: 2 | N26: =IF(ev_charging_network_usage_!$I26<=10,"Low",IF(ev_charging_network_usage_!$I26<=30,"Medium","High")) -> Low | O26: =IF(M26<=2,"Low Satisfaction",IF(M26<=4,"Medium Satisfaction","High Satisfaction")) -> Low Satisfaction | P26: =IF(ev_charging_network_usage_!$H26<30,"Short Charging",IF(ev_charging_network_usage_!$H26<=60,"Medium Charging","Long Charging")) -> Medium Charging | Q26: =IF(C26="Fast Charger",1,IF(C26="Standard Charger",2,IF(C26="Super Fast Charger",3,""))) -> 1 | R26: =TIME(HOUR(F26),MINUTE(F26),SECOND(F26)) -> 0.87083333 | S26: =DATE(YEAR(F26),MONTH(F26),DAY(F26)) -> 45097
A27: EVS100025 | B27: Pune | C27: Standard Charger | D27: 4W EV | E27: Member | F27: 18-09-2024 01:53 | G27: 18-09-2024 03:27 | H27: 94 | I27: 29.11 | J27: 8 | K27: 232.88 | L27: Credit Card | M27: 1 | N27: =IF(ev_charging_network_usage_!$I27<=10,"Low",IF(ev_charging_network_usage_!$I27<=30,"Medium","High")) -> Medium | O27: =IF(M27<=2,"Low Satisfaction",IF(M27<=4,"Medium Satisfaction","High Satisfaction")) -> Low Satisfaction | P27: =IF(ev_charging_network_usage_!$H27<30,"Short Charging",IF(ev_charging_network_usage_!$H27<=60,"Medium Charging","Long Charging")) -> Long Charging | Q27: =IF(C27="Fast Charger",1,IF(C27="Standard Charger",2,IF(C27="Super Fast Charger",3,""))) -> 2 | R27: =TIME(HOUR(F27),MINUTE(F27),SECOND(F27)) -> 0.078472222 | S27: =DATE(YEAR(F27),MONTH(F27),DAY(F27)) -> 45553
A28: EVS100026 | B28: Chennai | C28: Super Fast Charger | D28: Electric Bus | E28: Non-Member | F28: 45567.314 | G28: 45567.378 | H28: 93 | I28: 9.95 | J28: 15 | K28: 149.25 | L28: Subscription | M28: 5 | N28: =IF(ev_charging_network_usage_!$I28<=10,"Low",IF(ev_charging_network_usage_!$I28<=30,"Medium","High")) -> Low | O28: =IF(M28<=2,"Low Satisfaction",IF(M28<=4,"Medium Satisfaction","High Satisfaction")) -> High Satisfaction | P28: =IF(ev_charging_network_usage_!$H28<30,"Short Charging",IF(ev_charging_network_usage_!$H28<=60,"Medium Charging","Long Charging")) -> Long Charging | Q28: =IF(C28="Fast Charger",1,IF(C28="Standard Charger",2,IF(C28="Super Fast Charger",3,""))) -> 3 | R28: =TIME(HOUR(F28),MINUTE(F28),SECOND(F28)) -> 0.31388889 | S28: =DATE(YEAR(F28),MONTH(F28),DAY(F28)) -> 45567
A29: EVS100027 | B29: Mumbai | C29: Standard Charger | D29: 4W EV | E29: Member | F29: 20-09-2024 11:06 | G29: 20-09-2024 12:33 | H29: 87 | I29: 31.48 | J29: 12 | K29: 377.76 | L29: Subscription | M29: 1 | N29: =IF(ev_charging_network_usage_!$I29<=10,"Low",IF(ev_charging_network_usage_!$I29<=30,"Medium","High")) -> High | O29: =IF(M29<=2,"Low Satisfaction",IF(M29<=4,"Medium Satisfaction","High Satisfaction")) -> Low Satisfaction | P29: =IF(ev_charging_network_usage_!$H29<30,"Short Charging",IF(ev_charging_network_usage_!$H29<=60,"Medium Charging","Long Charging")) -> Long Charging | Q29: =IF(C29="Fast Charger",1,IF(C29="Standard Charger",2,IF(C29="Super Fast Charger",3,""))) -> 2 | R29: =TIME(HOUR(F29),MINUTE(F29),SECOND(F29)) -> 0.4625 | S29: =DATE(YEAR(F29),MONTH(F29),DAY(F29)) -> 45555
A30: EVS100028 | B30: Delhi | C30: Super Fast Charger | D30: 2W EV | E30: Member | F30: 18-05-2023 02:07 | G30: 18-05-2023 03:10 | H30: 63 | I30: 3.15 | J30: 10 | K30: 31.5 | L30: Subscription | M30: 1 | N30: =IF(ev_charging_network_usage_!$I30<=10,"Low",IF(ev_charging_network_usage_!$I30<=30,"Medium","High")) -> Low | O30: =IF(M30<=2,"Low Satisfaction",IF(M30<=4,"Medium Satisfaction","High Satisfaction")) -> Low Satisfaction | P30: =IF(ev_charging_network_usage_!$H30<30,"Short Charging",IF(ev_charging_network_usage_!$H30<=60,"Medium Charging","Long Charging")) -> Long Charging | Q30: =IF(C30="Fast Charger",1,IF(C30="Standard Charger",2,IF(C30="Super Fast Charger",3,""))) -> 3 | R30: =TIME(HOUR(F30),MINUTE(F30),SECOND(F30)) -> 0.088194444 | S30: =DATE(YEAR(F30),MONTH(F30),DAY(F30)) -> 45064 | V30: City | W30: Avg Energy Consumption | X30: Avg Charging Duration
A31: EVS100029 | B31: Kolkata | C31: Super Fast Charger | D31: 2W EV | E31: Non-Member | F31: 22-01-2023 08:13 | G31: 22-01-2023 09:54 | H31: 101 | I31: 51.88 | J31: 12 | K31: 622.56 | L31: Credit Card | M31: 1 | N31: =IF(ev_charging_network_usage_!$I31<=10,"Low",IF(ev_charging_network_usage_!$I31<=30,"Medium","High")) -> High | O31: =IF(M31<=2,"Low Satisfaction",IF(M31<=4,"Medium Satisfaction","High Satisfaction")) -> Low Satisfaction | P31: =IF(ev_charging_network_usage_!$H31<30,"Short Charging",IF(ev_charging_network_usage_!$H31<=60,"Medium Charging","Long Charging")) -> Long Charging | Q31: =IF(C31="Fast Charger",1,IF(C31="Standard Charger",2,IF(C31="Super Fast Charger",3,""))) -> 3 | R31: =TIME(HOUR(F31),MINUTE(F31),SECOND(F31)) -> 0.34236111 | S31: =DATE(YEAR(F31),MONTH(F31),DAY(F31)) -> 44948 | V31: City Banglore | W31: =VLOOKUP(V31,$V$8:$W$14,2,FALSE) -> 30.477665 | X31: =VLOOKUP(V31,$V$8:$X$14,3,FALSE) -> 64.96066
A32: EVS100030 | B32: Delhi | C32: Super Fast Charger | D32: 2W EV | E32: Non-Member | F32: 45477.558 | G32: 45477.576 | H32: 26 | I32: 15.55 | J32: 15 | K32: 233.25 | L32: Subscription | M32: 4 | N32: =IF(ev_charging_network_usage_!$I32<=10,"Low",IF(ev_charging_network_usage_!$I32<=30,"Medium","High")) -> Medium | O32: =IF(M32<=2,"Low Satisfaction",IF(M32<=4,"Medium Satisfaction","High Satisfaction")) -> Medium Satisfaction | P32: =IF(ev_charging_network_usage_!$H32<30,"Short Charging",IF(ev_charging_network_usage_!$H32<=60,"Medium Charging","Long Charging")) -> Short Charging | Q32: =IF(C32="Fast Charger",1,IF(C32="Standard Charger",2,IF(C32="Super Fast Charger",3,""))) -> 3 | R32: =TIME(HOUR(F32),MINUTE(F32),SECOND(F32)) -> 0.55763889 | S32: =DATE(YEAR(F32),MONTH(F32),DAY(F32)) -> 45477 | V32: City Mumbai | W32: =VLOOKUP(V32,$V$8:$W$14,2,FALSE) -> 31.104659 | X32: =VLOOKUP(V32,$V$8:$X$14,3,FALSE) -> 63.280566
A33: EVS100031 | B33: Pune | C33: Super Fast Charger | D33: 4W EV | E33: Member | F33: 19-11-2023 14:46 | G33: 19-11-2023 14:56 | H33: 10 | I33: 3.08 | J33: 15 | K33: 46.2 | L33: UPI | M33: 4 | N33: =IF(ev_charging_network_usage_!$I33<=10,"Low",IF(ev_charging_network_usage_!$I33<=30,"Medium","High")) -> Low | O33: =IF(M33<=2,"Low Satisfaction",IF(M33<=4,"Medium Satisfaction","High Satisfaction")) -> Medium Satisfaction | P33: =IF(ev_charging_network_usage_!$H33<30,"Short Charging",IF(ev_charging_network_usage_!$H33<=60,"Medium Charging","Long Charging")) -> Short Charging | Q33: =IF(C33="Fast Charger",1,IF(C33="Standard Charger",2,IF(C33="Super Fast Charger",3,""))) -> 3 | R33: =TIME(HOUR(F33),MINUTE(F33),SECOND(F33)) -> 0.61527778 | S33: =DATE(YEAR(F33),MONTH(F33),DAY(F33)) -> 45249 | V33: City Delhi | W33: =VLOOKUP(V33,$V$8:$W$14,2,FALSE) -> 30.491427 | X33: =VLOOKUP(V33,$V$8:$X$14,3,FALSE) -> 64.018138
A34: EVS100032 | B34: Chennai | C34: Fast Charger | D34: 2W EV | E34: Non-Member | F34: 45298.895 | G34: 45298.925 | H34: 43 | I34: 37.55 | J34: 10 | K34: 375.5 | L34: Subscription | M34: 4 | N34: =IF(ev_charging_network_usage_!$I34<=10,"Low",IF(ev_charging_network_usage_!$I34<=30,"Medium","High")) -> High | O34: =IF(M34<=2,"Low Satisfaction",IF(M34<=4,"Medium Satisfaction","High Satisfaction")) -> Medium Satisfaction | P34: =IF(ev_charging_network_usage_!$H34<30,"Short Charging",IF(ev_charging_network_usage_!$H34<=60,"Medium Charging","Long Charging")) -> Medium Charging | Q34: =IF(C34="Fast Charger",1,IF(C34="Standard Charger",2,IF(C34="Super Fast Charger",3,""))) -> 1 | R34: =TIME(HOUR(F34),MINUTE(F34),SECOND(F34)) -> 0.89513889 | S34: =DATE(YEAR(F34),MONTH(F34),DAY(F34)) -> 45298 | V34: City Chennai | W34: =VLOOKUP(V34,$V$8:$W$14,2,FALSE) -> 30.26599 | X34: =VLOOKUP(V34,$V$8:$X$14,3,FALSE) -> 64.364882
A35: EVS100033 | B35: Mumbai | C35: Fast Charger | D35: Electric Bus | E35: Non-Member | F35: 18-02-2023 22:32 | G35: 18-02-2023 23:10 | H35: 38 | I35: 26.85 | J35: 8 | K35: 214.8 | L35: UPI | M35: 5 | N35: =IF(ev_charging_network_usage_!$I35<=10,"Low",IF(ev_charging_network_usage_!$I35<=30,"Medium","High")) -> Medium | O35: =IF(M35<=2,"Low Satisfaction",IF(M35<=4,"Medium Satisfaction","High Satisfaction")) -> High Satisfaction | P35: =IF(ev_charging_network_usage_!$H35<30,"Short Charging",IF(ev_charging_network_usage_!$H35<=60,"Medium Charging","Long Charging")) -> Medium Charging | Q35: =IF(C35="Fast Charger",1,IF(C35="Standard Charger",2,IF(C35="Super Fast Charger",3,""))) -> 1 | R35: =TIME(HOUR(F35),MINUTE(F35),SECOND(F35)) -> 0.93888889 | S35: =DATE(YEAR(F35),MONTH(F35),DAY(F35)) -> 44975 | V35: City Hyderabad | W35: =VLOOKUP(V35,$V$8:$W$14,2,FALSE) -> 31.818596 | X35: =VLOOKUP(V35,$V$8:$X$14,3,FALSE) -> 63.504843
A36: EVS100034 | B36: Mumbai | C36: Super Fast Charger | D36: Electric Bus | E36: Non-Member | F36: 45238.422 | G36: 45238.505 | H36: 119 | I36: 55.15 | J36: 15 | K36: 827.25 | L36: Credit Card | M36: 1 | N36: =IF(ev_charging_network_usage_!$I36<=10,"Low",IF(ev_charging_network_usage_!$I36<=30,"Medium","High")) -> High | O36: =IF(M36<=2,"Low Satisfaction",IF(M36<=4,"Medium Satisfaction","High Satisfaction")) -> Low Satisfaction | P36: =IF(ev_charging_network_usage_!$H36<30,"Short Charging",IF(ev_charging_network_usage_!$H36<=60,"Medium Charging","Long Charging")) -> Long Charging | Q36: =IF(C36="Fast Charger",1,IF(C36="Standard Charger",2,IF(C36="Super Fast Charger",3,""))) -> 3 | R36: =TIME(HOUR(F36),MINUTE(F36),SECOND(F36)) -> 0.42222222 | S36: =DATE(YEAR(F36),MONTH(F36),DAY(F36)) -> 45238
A37: EVS100035 | B37: Bangalore | C37: Standard Charger | D37: 4W EV | E37: Non-Member | F37: 19-08-2024 13:50 | G37: 19-08-2024 15:19 | H37: 89 | I37: 34.46 | J37: 15 | K37: 516.9 | L37: Subscription | M37: 5 | N37: =IF(ev_charging_network_usage_!$I37<=10,"Low",IF(ev_charging_network_usage_!$I37<=30,"Medium","High")) -> High | O37: =IF(M37<=2,"Low Satisfaction",IF(M37<=4,"Medium Satisfaction","High Satisfaction")) -> High Satisfaction | P37: =IF(ev_charging_network_usage_!$H37<30,"Short Charging",IF(ev_charging_network_usage_!$H37<=60,"Medium Charging","Long Charging")) -> Long Charging | Q37: =IF(C37="Fast Charger",1,IF(C37="Standard Charger",2,IF(C37="Super Fast Charger",3,""))) -> 2 | R37: =TIME(HOUR(F37),MINUTE(F37),SECOND(F37)) -> 0.57638889 | S37: =DATE(YEAR(F37),MONTH(F37),DAY(F37)) -> 45523
A38: EVS100036 | B38: Kolkata | C38: Super Fast Charger | D38: 2W EV | E38: Non-Member | F38: 31-07-2023 17:42 | G38: 31-07-2023 18:12 | H38: 30 | I38: 34.95 | J38: 8 | K38: 279.6 | L38: Wallet | M38: 4 | N38: =IF(ev_charging_network_usage_!$I38<=10,"Low",IF(ev_charging_network_usage_!$I38<=30,"Medium","High")) -> High | O38: =IF(M38<=2,"Low Satisfaction",IF(M38<=4,"Medium Satisfaction","High Satisfaction")) -> Medium Satisfaction | P38: =IF(ev_charging_network_usage_!$H38<30,"Short Charging",IF(ev_charging_network_usage_!$H38<=60,"Medium Charging","Long Charging")) -> Medium Charging | Q38: =IF(C38="Fast Charger",1,IF(C38="Standard Charger",2,IF(C38="Super Fast Charger",3,""))) -> 3 | R38: =TIME(HOUR(F38),MINUTE(F38),SECOND(F38)) -> 0.7375 | S38: =DATE(YEAR(F38),MONTH(F38),DAY(F38)) -> 45138 | U38: Q5a. | V38: what is the average energy consumed per charging session ?
A39: EVS100037 | B39: Kolkata | C39: Super Fast Charger | D39: 2W EV | E39: Member | F39: 14-05-2024 19:59 | G39: 14-05-2024 20:35 | H39: 36 | I39: 56.45 | J39: 12 | K39: 677.4 | L39: UPI | M39: 4 | N39: =IF(ev_charging_network_usage_!$I39<=10,"Low",IF(ev_charging_network_usage_!$I39<=30,"Medium","High")) -> High | O39: =IF(M39<=2,"Low Satisfaction",IF(M39<=4,"Medium Satisfaction","High Satisfaction")) -> Medium Satisfaction | P39: =IF(ev_charging_network_usage_!$H39<30,"Short Charging",IF(ev_charging_network_usage_!$H39<=60,"Medium Charging","Long Charging")) -> Medium Charging | Q39: =IF(C39="Fast Charger",1,IF(C39="Standard Charger",2,IF(C39="Super Fast Charger",3,""))) -> 3 | R39: =TIME(HOUR(F39),MINUTE(F39),SECOND(F39)) -> 0.83263889 | S39: =DATE(YEAR(F39),MONTH(F39),DAY(F39)) -> 45426 | U39: ans5a. | V39: =AVERAGE(I:I) -> 30.914457
A40: EVS100038 | B40: Pune | C40: Standard Charger | D40: 3W EV | E40: Member | F40: 23-02-2023 15:46 | G40: 23-02-2023 16:56 | H40: 70 | I40: 19.32 | J40: 15 | K40: 289.8 | L40: Wallet | M40: 5 | N40: =IF(ev_charging_network_usage_!$I40<=10,"Low",IF(ev_charging_network_usage_!$I40<=30,"Medium","High")) -> Medium | O40: =IF(M40<=2,"Low Satisfaction",IF(M40<=4,"Medium Satisfaction","High Satisfaction")) -> High Satisfaction | P40: =IF(ev_charging_network_usage_!$H40<30,"Short Charging",IF(ev_charging_network_usage_!$H40<=60,"Medium Charging","Long Charging")) -> Long Charging | Q40: =IF(C40="Fast Charger",1,IF(C40="Standard Charger",2,IF(C40="Super Fast Charger",3,""))) -> 2 | R40: =TIME(HOUR(F40),MINUTE(F40),SECOND(F40)) -> 0.65694444 | S40: =DATE(YEAR(F40),MONTH(F40),DAY(F40)) -> 44980
A41: EVS100039 | B41: Mumbai | C41: Super Fast Charger | D41: 2W EV | E41: Member | F41: 27-03-2024 19:37 | G41: 27-03-2024 21:21 | H41: 104 | I41: 6.06 | J41: 15 | K41: 90.9 | L41: UPI | M41: 2 | N41: =IF(ev_charging_network_usage_!$I41<=10,"Low",IF(ev_charging_network_usage_!$I41<=30,"Medium","High")) -> Low | O41: =IF(M41<=2,"Low Satisfaction",IF(M41<=4,"Medium Satisfaction","High Satisfaction")) -> Low Satisfaction | P41: =IF(ev_charging_network_usage_!$H41<30,"Short Charging",IF(ev_charging_network_usage_!$H41<=60,"Medium Charging","Long Charging")) -> Long Charging | Q41: =IF(C41="Fast Charger",1,IF(C41="Standard Charger",2,IF(C41="Super Fast Charger",3,""))) -> 3 | R41: =TIME(HOUR(F41),MINUTE(F41),SECOND(F41)) -> 0.81736111 | S41: =DATE(YEAR(F41),MONTH(F41),DAY(F41)) -> 45378 | U41: Q5b. | V41: Which station type is used most frequently ?
A42: EVS100040 | B42: Pune | C42: Fast Charger | D42: Electric Bus | E42: Member | F42: 29-03-2023 00:42 | G42: 29-03-2023 02:06 | H42: 84 | I42: 8.34 | J42: 8 | K42: 66.72 | L42: Credit Card | M42: 3 | N42: =IF(ev_charging_network_usage_!$I42<=10,"Low",IF(ev_charging_network_usage_!$I42<=30,"Medium","High")) -> Low | O42: =IF(M42<=2,"Low Satisfaction",IF(M42<=4,"Medium Satisfaction","High Satisfaction")) -> Medium Satisfaction | P42: =IF(ev_charging_network_usage_!$H42<30,"Short Charging",IF(ev_charging_network_usage_!$H42<=60,"Medium Charging","Long Charging")) -> Long Charging | Q42: =IF(C42="Fast Charger",1,IF(C42="Standard Charger",2,IF(C42="Super Fast Charger",3,""))) -> 1 | R42: =TIME(HOUR(F42),MINUTE(F42),SECOND(F42)) -> 0.029166667 | S42: =DATE(YEAR(F42),MONTH(F42),DAY(F42)) -> 45014 | U42: ans5b. | V42: =_xlfn.MODE.SNGL(Q:Q) -> 3 | W42: MODE used to calc the max used charger
A43: EVS100041 | B43: Chennai | C43: Super Fast Charger | D43: 2W EV | E43: Member | F43: 45302.711 | G43: 45302.762 | H43: 74 | I43: 45.23 | J43: 10 | K43: 452.3 | L43: Wallet | M43: 2 | N43: =IF(ev_charging_network_usage_!$I43<=10,"Low",IF(ev_charging_network_usage_!$I43<=30,"Medium","High")) -> High | O43: =IF(M43<=2,"Low Satisfaction",IF(M43<=4,"Medium Satisfaction","High Satisfaction")) -> Low Satisfaction | P43: =IF(ev_charging_network_usage_!$H43<30,"Short Charging",IF(ev_charging_network_usage_!$H43<=60,"Medium Charging","Long Charging")) -> Long Charging | Q43: =IF(C43="Fast Charger",1,IF(C43="Standard Charger",2,IF(C43="Super Fast Charger",3,""))) -> 3 | R43: =TIME(HOUR(F43),MINUTE(F43),SECOND(F43)) -> 0.71111111 | S43: =DATE(YEAR(F43),MONTH(F43),DAY(F43)) -> 45302 | V43: =INDEX(C:C,MATCH(V42,Q:Q,0)) -> Super Fast Charger
A44: EVS100042 | B44: Kolkata | C44: Standard Charger | D44: Electric Bus | E44: Non-Member | F44: 17-06-2023 03:17 | G44: 17-06-2023 03:55 | H44: 38 | I44: 23.46 | J44: 10 | K44: 234.6 | L44: UPI | M44: 2 | N44: =IF(ev_charging_network_usage_!$I44<=10,"Low",IF(ev_charging_network_usage_!$I44<=30,"Medium","High")) -> Medium | O44: =IF(M44<=2,"Low Satisfaction",IF(M44<=4,"Medium Satisfaction","High Satisfaction")) -> Low Satisfaction | P44: =IF(ev_charging_network_usage_!$H44<30,"Short Charging",IF(ev_charging_network_usage_!$H44<=60,"Medium Charging","Long Charging")) -> Medium Charging | Q44: =IF(C44="Fast Charger",1,IF(C44="Standard Charger",2,IF(C44="Super Fast Charger",3,""))) -> 2 | R44: =TIME(HOUR(F44),MINUTE(F44),SECOND(F44)) -> 0.13680556 | S44: =DATE(YEAR(F44),MONTH(F44),DAY(F44)) -> 45094
A45: EVS100043 | B45: Delhi | C45: Super Fast Charger | D45: 4W EV | E45: Non-Member | F45: 45355.546 | G45: 45355.57 | H45: 35 | I45: 11.41 | J45: 12 | K45: 136.92 | L45: UPI | M45: 1 | N45: =IF(ev_charging_network_usage_!$I45<=10,"Low",IF(ev_charging_network_usage_!$I45<=30,"Medium","High")) -> Medium | O45: =IF(M45<=2,"Low Satisfaction",IF(M45<=4,"Medium Satisfaction","High Satisfaction")) -> Low Satisfaction | P45: =IF(ev_charging_network_usage_!$H45<30,"Short Charging",IF(ev_charging_network_usage_!$H45<=60,"Medium Charging","Long Charging")) -> Medium Charging | Q45: =IF(C45="Fast Charger",1,IF(C45="Standard Charger",2,IF(C45="Super Fast Charger",3,""))) -> 3 | R45: =TIME(HOUR(F45),MINUTE(F45),SECOND(F45)) -> 0.54583333 | S45: =DATE(YEAR(F45),MONTH(F45),DAY(F45)) -> 45355 | U45: Q5c. | V45: Is there high variation in revenue generated from charging sessions?
A46: EVS100044 | B46: Chennai | C46: Fast Charger | D46: 4W EV | E46: Non-Member | F46: 21-11-2024 12:41 | G46: 21-11-2024 13:45 | H46: 64 | I46: 56 | J46: 12 | K46: 672 | L46: UPI | M46: 1 | N46: =IF(ev_charging_network_usage_!$I46<=10,"Low",IF(ev_charging_network_usage_!$I46<=30,"Medium","High")) -> High | O46: =IF(M46<=2,"Low Satisfaction",IF(M46<=4,"Medium Satisfaction","High Satisfaction")) -> Low Satisfaction | P46: =IF(ev_charging_network_usage_!$H46<30,"Short Charging",IF(ev_charging_network_usage_!$H46<=60,"Medium Charging","Long Charging")) -> Long Charging | Q46: =IF(C46="Fast Charger",1,IF(C46="Standard Charger",2,IF(C46="Super Fast Charger",3,""))) -> 1 | R46: =TIME(HOUR(F46),MINUTE(F46),SECOND(F46)) -> 0.52847222 | S46: =DATE(YEAR(F46),MONTH(F46),DAY(F46)) -> 45617 | V46: =_xlfn.STDEV.S(K2:K6502)/AVERAGE(K2:K6502) -> 0.60445335
N47: =IF(ev_charging_network_usage_!$I47<=10,"Low",IF(ev_charging_network_usage_!$I47<=30,"Medium","High")) -> Low | O47: =IF(M47<=2,"Low Satisfaction",IF(M47<=4,"Medium Satisfaction","High Satisfaction")) -> Low Satisfaction | P47: =IF(ev_charging_network_usage_!$H47<30,"Short Charging",IF(ev_charging_network_usage_!$H47<=60,"Medium Charging","Long Charging")) -> Short Charging | Q47: =IF(C47="Fast Charger",1,IF(C47="Standard Charger",2,IF(C47="Super Fast Charger",3,""))) | R47: =TIME(HOUR(F47),MINUTE(F47),SECOND(F47)) -> 0 | S47: =DATE(YEAR(F47),MONTH(F47),DAY(F47)) -> 0 | V47: Revenue shows high variation. A CV of 60% indicates substantial variability in revenue generated across charging sessions.
A48: EVS100045 | B48: Delhi | C48: Fast Charger | D48: Electric Bus | E48: Non-Member | F48: 44995.408 | G48: 44995.479 | H48: 102 | I48: 20.82 | J48: 15 | K48: 312.3 | L48: Credit Card | M48: 3 | N48: =IF(ev_charging_network_usage_!$I48<=10,"Low",IF(ev_charging_network_usage_!$I48<=30,"Medium","High")) -> Medium | O48: =IF(M48<=2,"Low Satisfaction",IF(M48<=4,"Medium Satisfaction","High Satisfaction")) -> Medium Satisfaction | P48: =IF(ev_charging_network_usage_!$H48<30,"Short Charging",IF(ev_charging_network_usage_!$H48<=60,"Medium Charging","Long Charging")) -> Long Charging | Q48: =IF(C48="Fast Charger",1,IF(C48="Standard Charger",2,IF(C48="Super Fast Charger",3,""))) -> 1 | R48: =TIME(HOUR(F48),MINUTE(F48),SECOND(F48)) -> 0.40833333 | S48: =DATE(YEAR(F48),MONTH(F48),DAY(F48)) -> 44995
A49: EVS100046 | B49: Pune | C49: Super Fast Charger | D49: 3W EV | E49: Member | F49: 45021.183 | G49: 45021.199 | H49: 24 | I49: 54.65 | J49: 8 | K49: 437.2 | L49: Wallet | M49: 5 | N49: =IF(ev_charging_network_usage_!$I49<=10,"Low",IF(ev_charging_network_usage_!$I49<=30,"Medium","High")) -> High | O49: =IF(M49<=2,"Low Satisfaction",IF(M49<=4,"Medium Satisfaction","High Satisfaction")) -> High Satisfaction | P49: =IF(ev_charging_network_usage_!$H49<30,"Short Charging",IF(ev_charging_network_usage_!$H49<=60,"Medium Charging","Long Charging")) -> Short Charging | Q49: =IF(C49="Fast Charger",1,IF(C49="Standard Charger",2,IF(C49="Super Fast Charger",3,""))) -> 3 | R49: =TIME(HOUR(F49),MINUTE(F49),SECOND(F49)) -> 0.18263889 | S49: =DATE(YEAR(F49),MONTH(F49),DAY(F49)) -> 45021 | U49: Q.5d | V49: Compare the variance of Energy_Consumed_kWh and Price_per_kWh. Which variable shows greater variability and why?
A50: EVS100047 | B50: Pune | C50: Super Fast Charger | D50: 4W EV | E50: Member | F50: 45265.699 | G50: 45265.743 | H50: 64 | I50: 57.04 | J50: 15 | K50: 855.6 | L50: Wallet | M50: 5 | N50: =IF(ev_charging_network_usage_!$I50<=10,"Low",IF(ev_charging_network_usage_!$I50<=30,"Medium","High")) -> High | O50: =IF(M50<=2,"Low Satisfaction",IF(M50<=4,"Medium Satisfaction","High Satisfaction")) -> High Satisfaction | P50: =IF(ev_charging_network_usage_!$H50<30,"Short Charging",IF(ev_charging_network_usage_!$H50<=60,"Medium Charging","Long Charging")) -> Long Charging | Q50: =IF(C50="Fast Charger",1,IF(C50="Standard Charger",2,IF(C50="Super Fast Charger",3,""))) -> 3 | R50: =TIME(HOUR(F50),MINUTE(F50),SECOND(F50)) -> 0.69861111 | S50: =DATE(YEAR(F50),MONTH(F50),DAY(F50)) -> 45265 | U50: ans5d | V50: Energy_cosumed_kw_per_hr | X50: Price_kw_per_hr
A51: EVS100048 | B51: Kolkata | C51: Fast Charger | D51: 4W EV | E51: Member | F51: 45571.552 | G51: 45571.576 | H51: 35 | I51: 2.46 | J51: 10 | K51: 24.6 | L51: UPI | M51: 2 | N51: =IF(ev_charging_network_usage_!$I51<=10,"Low",IF(ev_charging_network_usage_!$I51<=30,"Medium","High")) -> Low | O51: =IF(M51<=2,"Low Satisfaction",IF(M51<=4,"Medium Satisfaction","High Satisfaction")) -> Low Satisfaction | P51: =IF(ev_charging_network_usage_!$H51<30,"Short Charging",IF(ev_charging_network_usage_!$H51<=60,"Medium Charging","Long Charging")) -> Medium Charging | Q51: =IF(C51="Fast Charger",1,IF(C51="Standard Charger",2,IF(C51="Super Fast Charger",3,""))) -> 1 | R51: =TIME(HOUR(F51),MINUTE(F51),SECOND(F51)) -> 0.55208333 | S51: =DATE(YEAR(F51),MONTH(F51),DAY(F51)) -> 45571 | V51: =_xlfn.VAR.S(I:I) -> 281.60535 | X51: =_xlfn.VAR.S(J:J) -> 6.7579722
A52: EVS100049 | B52: Delhi | C52: Super Fast Charger | D52: 3W EV | E52: Member | F52: 18-09-2024 14:29 | G52: 18-09-2024 15:23 | H52: 54 | I52: 33.87 | J52: 10 | K52: 338.7 | L52: Subscription | M52: 4 | N52: =IF(ev_charging_network_usage_!$I52<=10,"Low",IF(ev_charging_network_usage_!$I52<=30,"Medium","High")) -> High | O52: =IF(M52<=2,"Low Satisfaction",IF(M52<=4,"Medium Satisfaction","High Satisfaction")) -> Medium Satisfaction | P52: =IF(ev_charging_network_usage_!$H52<30,"Short Charging",IF(ev_charging_network_usage_!$H52<=60,"Medium Charging","Long Charging")) -> Medium Charging | Q52: =IF(C52="Fast Charger",1,IF(C52="Standard Charger",2,IF(C52="Super Fast Charger",3,""))) -> 3 | R52: =TIME(HOUR(F52),MINUTE(F52),SECOND(F52)) -> 0.60347222 | S52: =DATE(YEAR(F52),MONTH(F52),DAY(F52)) -> 45553 | U52: why - | V52: In this dataset, Energy_Consumed_kWh shows greater variability than Price_per_kWh because consumption values fluctuate significantly across charging sessions, while price per kWh remains relatively consistent.
A53: EVS100050 | B53: Pune | C53: Standard Charger | D53: 4W EV | E53: Member | F53: 14-03-2024 12:12 | G53: 14-03-2024 13:21 | H53: 69 | I53: 57.87 | J53: 10 | K53: 578.7 | L53: UPI | M53: 4 | N53: =IF(ev_charging_network_usage_!$I53<=10,"Low",IF(ev_charging_network_usage_!$I53<=30,"Medium","High")) -> High | O53: =IF(M53<=2,"Low Satisfaction",IF(M53<=4,"Medium Satisfaction","High Satisfaction")) -> Medium Satisfaction | P53: =IF(ev_charging_network_usage_!$H53<30,"Short Charging",IF(ev_charging_network_usage_!$H53<=60,"Medium Charging","Long Charging")) -> Long Charging | Q53: =IF(C53="Fast Charger",1,IF(C53="Standard Charger",2,IF(C53="Super Fast Charger",3,""))) -> 2 | R53: =TIME(HOUR(F53),MINUTE(F53),SECOND(F53)) -> 0.50833333 | S53: =DATE(YEAR(F53),MONTH(F53),DAY(F53)) -> 45365
A54: EVS100051 | B54: Pune | C54: Standard Charger | D54: 2W EV | E54: Non-Member | F54: 45416.776 | G54: 45416.847 | H54: 101 | I54: 28.65 | J54: 10 | K54: 286.5 | L54: Credit Card | M54: 3 | N54: =IF(ev_charging_network_usage_!$I54<=10,"Low",IF(ev_charging_network_usage_!$I54<=30,"Medium","High")) -> Medium | O54: =IF(M54<=2,"Low Satisfaction",IF(M54<=4,"Medium Satisfaction","High Satisfaction")) -> Medium Satisfaction | P54: =IF(ev_charging_network_usage_!$H54<30,"Short Charging",IF(ev_charging_network_usage_!$H54<=60,"Medium Charging","Long Charging")) -> Long Charging | Q54: =IF(C54="Fast Charger",1,IF(C54="Standard Charger",2,IF(C54="Super Fast Charger",3,""))) -> 2 | R54: =TIME(HOUR(F54),MINUTE(F54),SECOND(F54)) -> 0.77638889 | S54: =DATE(YEAR(F54),MONTH(F54),DAY(F54)) -> 45416
A55: EVS100052 | B55: Chennai | C55: Fast Charger | D55: 4W EV | E55: Non-Member | F55: 22-02-2024 11:26 | G55: 22-02-2024 12:32 | H55: 66 | I55: 8.11 | J55: 15 | K55: 121.65 | L55: Subscription | M55: 5 | N55: =IF(ev_charging_network_usage_!$I55<=10,"Low",IF(ev_charging_network_usage_!$I55<=30,"Medium","High")) -> Low | O55: =IF(M55<=2,"Low Satisfaction",IF(M55<=4,"Medium Satisfaction","High Satisfaction")) -> High Satisfaction | P55: =IF(ev_charging_network_usage_!$H55<30,"Short Charging",IF(ev_charging_network_usage_!$H55<=60,"Medium Charging","Long Charging")) -> Long Charging | Q55: =IF(C55="Fast Charger",1,IF(C55="Standard Charger",2,IF(C55="Super Fast Charger",3,""))) -> 1 | R55: =TIME(HOUR(F55),MINUTE(F55),SECOND(F55)) -> 0.47638889 | S55: =DATE(YEAR(F55),MONTH(F55),DAY(F55)) -> 45344 | W55: QUESTION 5 TASK 2
A56: EVS100053 | B56: Hyderabad | C56: Standard Charger | D56: 3W EV | E56: Member | F56: 24-08-2024 11:01 | G56: 24-08-2024 12:33 | H56: 92 | I56: 18.33 | J56: 10 | K56: 183.3 | L56: Subscription | M56: 1 | N56: =IF(ev_charging_network_usage_!$I56<=10,"Low",IF(ev_charging_network_usage_!$I56<=30,"Medium","High")) -> Medium | O56: =IF(M56<=2,"Low Satisfaction",IF(M56<=4,"Medium Satisfaction","High Satisfaction")) -> Low Satisfaction | P56: =IF(ev_charging_network_usage_!$H56<30,"Short Charging",IF(ev_charging_network_usage_!$H56<=60,"Medium Charging","Long Charging")) -> Long Charging | Q56: =IF(C56="Fast Charger",1,IF(C56="Standard Charger",2,IF(C56="Super Fast Charger",3,""))) -> 2 | R56: =TIME(HOUR(F56),MINUTE(F56),SECOND(F56)) -> 0.45902778 | S56: =DATE(YEAR(F56),MONTH(F56),DAY(F56)) -> 45528 | U56: Q5b. | V56: Calculate correlation between: ● Charging Duration and Energy Consumed
A57: EVS100054 | B57: Bangalore | C57: Standard Charger | D57: 2W EV | E57: Member | F57: 15-02-2024 20:30 | G57: 15-02-2024 22:23 | H57: 113 | I57: 50.99 | J57: 10 | K57: 509.9 | L57: Wallet | M57: 3 | N57: =IF(ev_charging_network_usage_!$I57<=10,"Low",IF(ev_charging_network_usage_!$I57<=30,"Medium","High")) -> High | O57: =IF(M57<=2,"Low Satisfaction",IF(M57<=4,"Medium Satisfaction","High Satisfaction")) -> Medium Satisfaction | P57: =IF(ev_charging_network_usage_!$H57<30,"Short Charging",IF(ev_charging_network_usage_!$H57<=60,"Medium Charging","Long Charging")) -> Long Charging | Q57: =IF(C57="Fast Charger",1,IF(C57="Standard Charger",2,IF(C57="Super Fast Charger",3,""))) -> 2 | R57: =TIME(HOUR(F57),MINUTE(F57),SECOND(F57)) -> 0.85416667 | S57: =DATE(YEAR(F57),MONTH(F57),DAY(F57)) -> 45337
A58: EVS100055 | B58: Hyderabad | C58: Super Fast Charger | D58: 2W EV | E58: Member | F58: 45422.258 | G58: 45422.292 | H58: 49 | I58: 48.32 | J58: 12 | K58: 579.84 | L58: Wallet | M58: 1 | N58: =IF(ev_charging_network_usage_!$I58<=10,"Low",IF(ev_charging_network_usage_!$I58<=30,"Medium","High")) -> High | O58: =IF(M58<=2,"Low Satisfaction",IF(M58<=4,"Medium Satisfaction","High Satisfaction")) -> Low Satisfaction | P58: =IF(ev_charging_network_usage_!$H58<30,"Short Charging",IF(ev_charging_network_usage_!$H58<=60,"Medium Charging","Long Charging")) -> Medium Charging | Q58: =IF(C58="Fast Charger",1,IF(C58="Standard Charger",2,IF(C58="Super Fast Charger",3,""))) -> 3 | R58: =TIME(HOUR(F58),MINUTE(F58),SECOND(F58)) -> 0.25833333 | S58: =DATE(YEAR(F58),MONTH(F58),DAY(F58)) -> 45422 | W58: =CORREL(H:H, I:I) -> -0.0097507677
A59: EVS100056 | B59: Mumbai | C59: Standard Charger | D59: 2W EV | E59: Non-Member | F59: 14-11-2023 06:13 | G59: 14-11-2023 06:59 | H59: 46 | I59: 2.9 | J59: 15 | K59: 43.5 | L59: Subscription | M59: 3 | N59: =IF(ev_charging_network_usage_!$I59<=10,"Low",IF(ev_charging_network_usage_!$I59<=30,"Medium","High")) -> Low | O59: =IF(M59<=2,"Low Satisfaction",IF(M59<=4,"Medium Satisfaction","High Satisfaction")) -> Medium Satisfaction | P59: =IF(ev_charging_network_usage_!$H59<30,"Short Charging",IF(ev_charging_network_usage_!$H59<=60,"Medium Charging","Long Charging")) -> Medium Charging | Q59: =IF(C59="Fast Charger",1,IF(C59="Standard Charger",2,IF(C59="Super Fast Charger",3,""))) -> 2 | R59: =TIME(HOUR(F59),MINUTE(F59),SECOND(F59)) -> 0.25902778 | S59: =DATE(YEAR(F59),MONTH(F59),DAY(F59)) -> 45244
A60: EVS100057 | B60: Kolkata | C60: Super Fast Charger | D60: Electric Bus | E60: Member | F60: 26-09-2024 10:31 | G60: 26-09-2024 11:34 | H60: 63 | I60: 15.65 | J60: 12 | K60: 187.8 | L60: UPI | M60: 2 | N60: =IF(ev_charging_network_usage_!$I60<=10,"Low",IF(ev_charging_network_usage_!$I60<=30,"Medium","High")) -> Medium | O60: =IF(M60<=2,"Low Satisfaction",IF(M60<=4,"Medium Satisfaction","High Satisfaction")) -> Low Satisfaction | P60: =IF(ev_charging_network_usage_!$H60<30,"Short Charging",IF(ev_charging_network_usage_!$H60<=60,"Medium Charging","Long Charging")) -> Long Charging | Q60: =IF(C60="Fast Charger",1,IF(C60="Standard Charger",2,IF(C60="Super Fast Charger",3,""))) -> 3 | R60: =TIME(HOUR(F60),MINUTE(F60),SECOND(F60)) -> 0.43819444 | S60: =DATE(YEAR(F60),MONTH(F60),DAY(F60)) -> 45561 | V60: Calculate correlation between: ● Energy Consumed and Revenue
A61: EVS100058 | B61: Pune | C61: Standard Charger | D61: 4W EV | E61: Member | F61: 45292.937 | G61: 45292.997 | H61: 86 | I61: 37.5 | J61: 8 | K61: 300 | L61: UPI | M61: 4 | N61: =IF(ev_charging_network_usage_!$I61<=10,"Low",IF(ev_charging_network_usage_!$I61<=30,"Medium","High")) -> High | O61: =IF(M61<=2,"Low Satisfaction",IF(M61<=4,"Medium Satisfaction","High Satisfaction")) -> Medium Satisfaction | P61: =IF(ev_charging_network_usage_!$H61<30,"Short Charging",IF(ev_charging_network_usage_!$H61<=60,"Medium Charging","Long Charging")) -> Long Charging | Q61: =IF(C61="Fast Charger",1,IF(C61="Standard Charger",2,IF(C61="Super Fast Charger",3,""))) -> 2 | R61: =TIME(HOUR(F61),MINUTE(F61),SECOND(F61)) -> 0.93680556 | S61: =DATE(YEAR(F61),MONTH(F61),DAY(F61)) -> 45292
A62: EVS100059 | B62: Hyderabad | C62: Fast Charger | D62: 2W EV | E62: Member | F62: 16-04-2023 04:48 | G62: 16-04-2023 05:14 | H62: 26 | I62: 25.17 | J62: 10 | K62: 251.7 | L62: Wallet | M62: 3 | N62: =IF(ev_charging_network_usage_!$I62<=10,"Low",IF(ev_charging_network_usage_!$I62<=30,"Medium","High")) -> Medium | O62: =IF(M62<=2,"Low Satisfaction",IF(M62<=4,"Medium Satisfaction","High Satisfaction")) -> Medium Satisfaction | P62: =IF(ev_charging_network_usage_!$H62<30,"Short Charging",IF(ev_charging_network_usage_!$H62<=60,"Medium Charging","Long Charging")) -> Short Charging | Q62: =IF(C62="Fast Charger",1,IF(C62="Standard Charger",2,IF(C62="Super Fast Charger",3,""))) -> 1 | R62: =TIME(HOUR(F62),MINUTE(F62),SECOND(F62)) -> 0.2 | S62: =DATE(YEAR(F62),MONTH(F62),DAY(F62)) -> 45032 | W62: =CORREL(I:I,K:K) -> 0.89999522
A63: EVS100060 | B63: Pune | C63: Standard Charger | D63: Electric Bus | E63: Non-Member | F63: 44934.153 | G63: 44934.217 | H63: 91 | I63: 16.77 | J63: 10 | K63: 167.7 | L63: Credit Card | M63: 5 | N63: =IF(ev_charging_network_usage_!$I63<=10,"Low",IF(ev_charging_network_usage_!$I63<=30,"Medium","High")) -> Medium | O63: =IF(M63<=2,"Low Satisfaction",IF(M63<=4,"Medium Satisfaction","High Satisfaction")) -> High Satisfaction | P63: =IF(ev_charging_network_usage_!$H63<30,"Short Charging",IF(ev_charging_network_usage_!$H63<=60,"Medium Charging","Long Charging")) -> Long Charging | Q63: =IF(C63="Fast Charger",1,IF(C63="Standard Charger",2,IF(C63="Super Fast Charger",3,""))) -> 2 | R63: =TIME(HOUR(F63),MINUTE(F63),SECOND(F63)) -> 0.15347222 | S63: =DATE(YEAR(F63),MONTH(F63),DAY(F63)) -> 44934
A64: EVS100061 | B64: Mumbai | C64: Standard Charger | D64: 4W EV | E64: Non-Member | F64: 13-09-2024 14:16 | G64: 13-09-2024 14:53 | H64: 37 | I64: 26.21 | J64: 15 | K64: 393.15 | L64: Credit Card | M64: 3 | N64: =IF(ev_charging_network_usage_!$I64<=10,"Low",IF(ev_charging_network_usage_!$I64<=30,"Medium","High")) -> Medium | O64: =IF(M64<=2,"Low Satisfaction",IF(M64<=4,"Medium Satisfaction","High Satisfaction")) -> Medium Satisfaction | P64: =IF(ev_charging_network_usage_!$H64<30,"Short Charging",IF(ev_charging_network_usage_!$H64<=60,"Medium Charging","Long Charging")) -> Medium Charging | Q64: =IF(C64="Fast Charger",1,IF(C64="Standard Charger",2,IF(C64="Super Fast Charger",3,""))) -> 2 | R64: =TIME(HOUR(F64),MINUTE(F64),SECOND(F64)) -> 0.59444444 | S64: =DATE(YEAR(F64),MONTH(F64),DAY(F64)) -> 45548
A65: EVS100062 | B65: Mumbai | C65: Super Fast Charger | D65: 3W EV | E65: Non-Member | F65: 45324.415 | G65: 45324.447 | H65: 46 | I65: 6.33 | J65: 15 | K65: 94.95 | L65: Credit Card | M65: 3 | N65: =IF(ev_charging_network_usage_!$I65<=10,"Low",IF(ev_charging_network_usage_!$I65<=30,"Medium","High")) -> Low | O65: =IF(M65<=2,"Low Satisfaction",IF(M65<=4,"Medium Satisfaction","High Satisfaction")) -> Medium Satisfaction | P65: =IF(ev_charging_network_usage_!$H65<30,"Short Charging",IF(ev_charging_network_usage_!$H65<=60,"Medium Charging","Long Charging")) -> Medium Charging | Q65: =IF(C65="Fast Charger",1,IF(C65="Standard Charger",2,IF(C65="Super Fast Charger",3,""))) -> 3 | R65: =TIME(HOUR(F65),MINUTE(F65),SECOND(F65)) -> 0.41458333 | S65: =DATE(YEAR(F65),MONTH(F65),DAY(F65)) -> 45324
A66: EVS100063 | B66: Kolkata | C66: Fast Charger | D66: 4W EV | E66: Member | F66: 14-08-2023 06:51 | G66: 14-08-2023 07:47 | H66: 56 | I66: 2.27 | J66: 10 | K66: 22.7 | L66: UPI | M66: 1 | N66: =IF(ev_charging_network_usage_!$I66<=10,"Low",IF(ev_charging_network_usage_!$I66<=30,"Medium","High")) -> Low | O66: =IF(M66<=2,"Low Satisfaction",IF(M66<=4,"Medium Satisfaction","High Satisfaction")) -> Low Satisfaction | P66: =IF(ev_charging_network_usage_!$H66<30,"Short Charging",IF(ev_charging_network_usage_!$H66<=60,"Medium Charging","Long Charging")) -> Medium Charging | Q66: =IF(C66="Fast Charger",1,IF(C66="Standard Charger",2,IF(C66="Super Fast Charger",3,""))) -> 1 | R66: =TIME(HOUR(F66),MINUTE(F66),SECOND(F66)) -> 0.28541667 | S66: =DATE(YEAR(F66),MONTH(F66),DAY(F66)) -> 45152
A67: EVS100064 | B67: Delhi | C67: Super Fast Charger | D67: 4W EV | E67: Member | F67: 26-05-2024 05:02 | G67: 26-05-2024 06:50 | H67: 108 | I67: 15.93 | J67: 10 | K67: 159.3 | L67: Subscription | M67: 4 | N67: =IF(ev_charging_network_usage_!$I67<=10,"Low",IF(ev_charging_network_usage_!$I67<=30,"Medium","High")) -> Medium | O67: =IF(M67<=2,"Low Satisfaction",IF(M67<=4,"Medium Satisfaction","High Satisfaction")) -> Medium Satisfaction | P67: =IF(ev_charging_network_usage_!$H67<30,"Short Charging",IF(ev_charging_network_usage_!$H67<=60,"Medium Charging","Long Charging")) -> Long Charging | Q67: =IF(C67="Fast Charger",1,IF(C67="Standard Charger",2,IF(C67="Super Fast Charger",3,""))) -> 3 | R67: =TIME(HOUR(F67),MINUTE(F67),SECOND(F67)) -> 0.20972222 | S67: =DATE(YEAR(F67),MONTH(F67),DAY(F67)) -> 45438
A68: EVS100065 | B68: Pune | C68: Standard Charger | D68: Electric Bus | E68: Member | F68: 18-03-2024 10:26 | G68: 18-03-2024 12:20 | H68: 114 | I68: 38.07 | J68: 12 | K68: 456.84 | L68: Subscription | M68: 1 | N68: =IF(ev_charging_network_usage_!$I68<=10,"Low",IF(ev_charging_network_usage_!$I68<=30,"Medium","High")) -> High | O68: =IF(M68<=2,"Low Satisfaction",IF(M68<=4,"Medium Satisfaction","High Satisfaction")) -> Low Satisfaction | P68: =IF(ev_charging_network_usage_!$H68<30,"Short Charging",IF(ev_charging_network_usage_!$H68<=60,"Medium Charging","Long Charging")) -> Long Charging | Q68: =IF(C68="Fast Charger",1,IF(C68="Standard Charger",2,IF(C68="Super Fast Charger",3,""))) -> 2 | R68: =TIME(HOUR(F68),MINUTE(F68),SECOND(F68)) -> 0.43472222 | S68: =DATE(YEAR(F68),MONTH(F68),DAY(F68)) -> 45369
A69: EVS100066 | B69: Kolkata | C69: Super Fast Charger | D69: 3W EV | E69: Member | F69: 45358.406 | G69: 45358.485 | H69: 114 | I69: 17.89 | J69: 15 | K69: 268.35 | L69: Subscription | M69: 1 | N69: =IF(ev_charging_network_usage_!$I69<=10,"Low",IF(ev_charging_network_usage_!$I69<=30,"Medium","High")) -> Medium | O69: =IF(M69<=2,"Low Satisfaction",IF(M69<=4,"Medium Satisfaction","High Satisfaction")) -> Low Satisfaction | P69: =IF(ev_charging_network_usage_!$H69<30,"Short Charging",IF(ev_charging_network_usage_!$H69<=60,"Medium Charging","Long Charging")) -> Long Charging | Q69: =IF(C69="Fast Charger",1,IF(C69="Standard Charger",2,IF(C69="Super Fast Charger",3,""))) -> 3 | R69: =TIME(HOUR(F69),MINUTE(F69),SECOND(F69)) -> 0.40625 | S69: =DATE(YEAR(F69),MONTH(F69),DAY(F69)) -> 45358
A70: EVS100067 | B70: Delhi | C70: Super Fast Charger | D70: 4W EV | E70: Non-Member | F70: 16-10-2024 04:23 | G70: 16-10-2024 05:48 | H70: 85 | I70: 54.42 | J70: 8 | K70: 435.36 | L70: UPI | M70: 4 | N70: =IF(ev_charging_network_usage_!$I70<=10,"Low",IF(ev_charging_network_usage_!$I70<=30,"Medium","High")) -> High | O70: =IF(M70<=2,"Low Satisfaction",IF(M70<=4,"Medium Satisfaction","High Satisfaction")) -> Medium Satisfaction | P70: =IF(ev_charging_network_usage_!$H70<30,"Short Charging",IF(ev_charging_network_usage_!$H70<=60,"Medium Charging","Long Charging")) -> Long Charging | Q70: =IF(C70="Fast Charger",1,IF(C70="Standard Charger",2,IF(C70="Super Fast Charger",3,""))) -> 3 | R70: =TIME(HOUR(F70),MINUTE(F70),SECOND(F70)) -> 0.18263889 | S70: =DATE(YEAR(F70),MONTH(F70),DAY(F70)) -> 45581
A71: EVS100068 | B71: Pune | C71: Super Fast Charger | D71: 2W EV | E71: Non-Member | F71: 28-06-2024 14:27 | G71: 28-06-2024 15:26 | H71: 59 | I71: 19.33 | J71: 12 | K71: 231.96 | L71: UPI | M71: 1 | N71: =IF(ev_charging_network_usage_!$I71<=10,"Low",IF(ev_charging_network_usage_!$I71<=30,"Medium","High")) -> Medium | O71: =IF(M71<=2,"Low Satisfaction",IF(M71<=4,"Medium Satisfaction","High Satisfaction")) -> Low Satisfaction | P71: =IF(ev_charging_network_usage_!$H71<30,"Short Charging",IF(ev_charging_network_usage_!$H71<=60,"Medium Charging","Long Charging")) -> Medium Charging | Q71: =IF(C71="Fast Charger",1,IF(C71="Standard Charger",2,IF(C71="Super Fast Charger",3,""))) -> 3 | R71: =TIME(HOUR(F71),MINUTE(F71),SECOND(F71)) -> 0.60208333 | S71: =DATE(YEAR(F71),MONTH(F71),DAY(F71)) -> 45471
A72: EVS100069 | B72: Mumbai | C72: Super Fast Charger | D72: 2W EV | E72: Non-Member | F72: 24-10-2024 01:06 | G72: 24-10-2024 01:52 | H72: 46 | I72: 35.2 | J72: 10 | K72: 352 | L72: Wallet | M72: 5 | N72: =IF(ev_charging_network_usage_!$I72<=10,"Low",IF(ev_charging_network_usage_!$I72<=30,"Medium","High")) -> High | O72: =IF(M72<=2,"Low Satisfaction",IF(M72<=4,"Medium Satisfaction","High Satisfaction")) -> High Satisfaction | P72: =IF(ev_charging_network_usage_!$H72<30,"Short Charging",IF(ev_charging_network_usage_!$H72<=60,"Medium Charging","Long Charging")) -> Medium Charging | Q72: =IF(C72="Fast Charger",1,IF(C72="Standard Charger",2,IF(C72="Super Fast Charger",3,""))) -> 3 | R72: =TIME(HOUR(F72),MINUTE(F72),SECOND(F72)) -> 0.045833333 | S72: =DATE(YEAR(F72),MONTH(F72),DAY(F72)) -> 45589
A73: EVS100070 | B73: Chennai | C73: Super Fast Charger | D73: 3W EV | E73: Member | F73: 30-04-2024 20:38 | G73: 30-04-2024 22:22 | H73: 104 | I73: 34.99 | J73: 12 | K73: 419.88 | L73: Subscription | M73: 1 | N73: =IF(ev_charging_network_usage_!$I73<=10,"Low",IF(ev_charging_network_usage_!$I73<=30,"Medium","High")) -> High | O73: =IF(M73<=2,"Low Satisfaction",IF(M73<=4,"Medium Satisfaction","High Satisfaction")) -> Low Satisfaction | P73: =IF(ev_charging_network_usage_!$H73<30,"Short Charging",IF(ev_charging_network_usage_!$H73<=60,"Medium Charging","Long Charging")) -> Long Charging | Q73: =IF(C73="Fast Charger",1,IF(C73="Standard Charger",2,IF(C73="Super Fast Charger",3,""))) -> 3 | R73: =TIME(HOUR(F73),MINUTE(F73),SECOND(F73)) -> 0.85972222 | S73: =DATE(YEAR(F73),MONTH(F73),DAY(F73)) -> 45412
A74: EVS100071 | B74: Chennai | C74: Fast Charger | D74: 2W EV | E74: Non-Member | F74: 31-10-2024 11:59 | G74: 31-10-2024 12:23 | H74: 24 | I74: 4.58 | J74: 8 | K74: 36.64 | L74: Wallet | M74: 1 | N74: =IF(ev_charging_network_usage_!$I74<=10,"Low",IF(ev_charging_network_usage_!$I74<=30,"Medium","High")) -> Low | O74: =IF(M74<=2,"Low Satisfaction",IF(M74<=4,"Medium Satisfaction","High Satisfaction")) -> Low Satisfaction | P74: =IF(ev_charging_network_usage_!$H74<30,"Short Charging",IF(ev_charging_network_usage_!$H74<=60,"Medium Charging","Long Charging")) -> Short Charging | Q74: =IF(C74="Fast Charger",1,IF(C74="Standard Charger",2,IF(C74="Super Fast Charger",3,""))) -> 1 | R74: =TIME(HOUR(F74),MINUTE(F74),SECOND(F74)) -> 0.49930556 | S74: =DATE(YEAR(F74),MONTH(F74),DAY(F74)) -> 45596
A75: EVS100072 | B75: Ahmedabad | C75: Fast Charger | D75: 4W EV | E75: Member | F75: 18-06-2023 16:30 | G75: 18-06-2023 17:03 | H75: 33 | I75: 41.93 | J75: 10 | K75: 419.3 | L75: Credit Card | M75: 1 | N75: =IF(ev_charging_network_usage_!$I75<=10,"Low",IF(ev_charging_network_usage_!$I75<=30,"Medium","High")) -> High | O75: =IF(M75<=2,"Low Satisfaction",IF(M75<=4,"Medium Satisfaction","High Satisfaction")) -> Low Satisfaction | P75: =IF(ev_charging_network_usage_!$H75<30,"Short Charging",IF(ev_charging_network_usage_!$H75<=60,"Medium Charging","Long Charging")) -> Medium Charging | Q75: =IF(C75="Fast Charger",1,IF(C75="Standard Charger",2,IF(C75="Super Fast Charger",3,""))) -> 1 | R75: =TIME(HOUR(F75),MINUTE(F75),SECOND(F75)) -> 0.6875 | S75: =DATE(YEAR(F75),MONTH(F75),DAY(F75)) -> 45095
A76: EVS100073 | B76: Bangalore | C76: Fast Charger | D76: 2W EV | E76: Member | F76: 21-05-2023 17:58 | G76: 21-05-2023 18:41 | H76: 43 | I76: 22.02 | J76: 8 | K76: 176.16 | L76: UPI | M76: 2 | N76: =IF(ev_charging_network_usage_!$I76<=10,"Low",IF(ev_charging_network_usage_!$I76<=30,"Medium","High")) -> Medium | O76: =IF(M76<=2,"Low Satisfaction",IF(M76<=4,"Medium Satisfaction","High Satisfaction")) -> Low Satisfaction | P76: =IF(ev_charging_network_usage_!$H76<30,"Short Charging",IF(ev_charging_network_usage_!$H76<=60,"Medium Charging","Long Charging")) -> Medium Charging | Q76: =IF(C76="Fast Charger",1,IF(C76="Standard Charger",2,IF(C76="Super Fast Charger",3,""))) -> 1 | R76: =TIME(HOUR(F76),MINUTE(F76),SECOND(F76)) -> 0.74861111 | S76: =DATE(YEAR(F76),MONTH(F76),DAY(F76)) -> 45067
A77: EVS100074 | B77: Delhi | C77: Fast Charger | D77: 4W EV | E77: Non-Member | F77: 45483.432 | G77: 45483.475 | H77: 62 | I77: 29.09 | J77: 15 | K77: 436.35 | L77: Wallet | M77: 3 | N77: =IF(ev_charging_network_usage_!$I77<=10,"Low",IF(ev_charging_network_usage_!$I77<=30,"Medium","High")) -> Medium | O77: =IF(M77<=2,"Low Satisfaction",IF(M77<=4,"Medium Satisfaction","High Satisfaction")) -> Medium Satisfaction | P77: =IF(ev_charging_network_usage_!$H77<30,"Short Charging",IF(ev_charging_network_usage_!$H77<=60,"Medium Charging","Long Charging")) -> Long Charging | Q77: =IF(C77="Fast Charger",1,IF(C77="Standard Charger",2,IF(C77="Super Fast Charger",3,""))) -> 1 | R77: =TIME(HOUR(F77),MINUTE(F77),SECOND(F77)) -> 0.43194444 | S77: =DATE(YEAR(F77),MONTH(F77),DAY(F77)) -> 45483
A78: EVS100075 | B78: Kolkata | C78: Fast Charger | D78: 3W EV | E78: Member | F78: 45536.715 | G78: 45536.772 | H78: 82 | I78: 44.26 | J78: 15 | K78: 663.9 | L78: Credit Card | M78: 4 | N78: =IF(ev_charging_network_usage_!$I78<=10,"Low",IF(ev_charging_network_usage_!$I78<=30,"Medium","High")) -> High | O78: =IF(M78<=2,"Low Satisfaction",IF(M78<=4,"Medium Satisfaction","High Satisfaction")) -> Medium Satisfaction | P78: =IF(ev_charging_network_usage_!$H78<30,"Short Charging",IF(ev_charging_network_usage_!$H78<=60,"Medium Charging","Long Charging")) -> Long Charging | Q78: =IF(C78="Fast Charger",1,IF(C78="Standard Charger",2,IF(C78="Super Fast Charger",3,""))) -> 1 | R78: =TIME(HOUR(F78),MINUTE(F78),SECOND(F78)) -> 0.71527778 | S78: =DATE(YEAR(F78),MONTH(F78),DAY(F78)) -> 45536
A79: EVS100076 | B79: Kolkata | C79: Super Fast Charger | D79: Electric Bus | E79: Non-Member | F79: 45293.553 | G79: 45293.562 | H79: 14 | I79: 26.12 | J79: 10 | K79: 261.2 | L79: Credit Card | M79: 4 | N79: =IF(ev_charging_network_usage_!$I79<=10,"Low",IF(ev_charging_network_usage_!$I79<=30,"Medium","High")) -> Medium | O79: =IF(M79<=2,"Low Satisfaction",IF(M79<=4,"Medium Satisfaction","High Satisfaction")) -> Medium Satisfaction | P79: =IF(ev_charging_network_usage_!$H79<30,"Short Charging",IF(ev_charging_network_usage_!$H79<=60,"Medium Charging","Long Charging")) -> Short Charging | Q79: =IF(C79="Fast Charger",1,IF(C79="Standard Charger",2,IF(C79="Super Fast Charger",3,""))) -> 3 | R79: =TIME(HOUR(F79),MINUTE(F79),SECOND(F79)) -> 0.55277778 | S79: =DATE(YEAR(F79),MONTH(F79),DAY(F79)) -> 45293
A80: EVS100077 | B80: Mumbai | C80: Super Fast Charger | D80: 3W EV | E80: Non-Member | F80: 45422.501 | G80: 45422.561 | H80: 86 | I80: 29.67 | J80: 15 | K80: 445.05 | L80: Credit Card | M80: 5 | N80: =IF(ev_charging_network_usage_!$I80<=10,"Low",IF(ev_charging_network_usage_!$I80<=30,"Medium","High")) -> Medium | O80: =IF(M80<=2,"Low Satisfaction",IF(M80<=4,"Medium Satisfaction","High Satisfaction")) -> High Satisfaction | P80: =IF(ev_charging_network_usage_!$H80<30,"Short Charging",IF(ev_charging_network_usage_!$H80<=60,"Medium Charging","Long Charging")) -> Long Charging | Q80: =IF(C80="Fast Charger",1,IF(C80="Standard Charger",2,IF(C80="Super Fast Charger",3,""))) -> 3 | R80: =TIME(HOUR(F80),MINUTE(F80),SECOND(F80)) -> 0.50138889 | S80: =DATE(YEAR(F80),MONTH(F80),DAY(F80)) -> 45422
A81: EVS100078 | B81: Delhi | C81: Super Fast Charger | D81: 3W EV | E81: Member | F81: 21-05-2024 10:12 | G81: 21-05-2024 10:40 | H81: 28 | I81: 31.6 | J81: 15 | K81: 474 | L81: Subscription | M81: 1 | N81: =IF(ev_charging_network_usage_!$I81<=10,"Low",IF(ev_charging_network_usage_!$I81<=30,"Medium","High")) -> High | O81: =IF(M81<=2,"Low Satisfaction",IF(M81<=4,"Medium Satisfaction","High Satisfaction")) -> Low Satisfaction | P81: =IF(ev_charging_network_usage_!$H81<30,"Short Charging",IF(ev_charging_network_usage_!$H81<=60,"Medium Charging","Long Charging")) -> Short Charging | Q81: =IF(C81="Fast Charger",1,IF(C81="Standard Charger",2,IF(C81="Super Fast Charger",3,""))) -> 3 | R81: =TIME(HOUR(F81),MINUTE(F81),SECOND(F81)) -> 0.425 | S81: =DATE(YEAR(F81),MONTH(F81),DAY(F81)) -> 45433
A82: EVS100079 | B82: Pune | C82: Super Fast Charger | D82: Electric Bus | E82: Non-Member | F82: 31-08-2024 11:44 | G82: 31-08-2024 12:25 | H82: 41 | I82: 43.49 | J82: 10 | K82: 434.9 | L82: Subscription | M82: 5 | N82: =IF(ev_charging_network_usage_!$I82<=10,"Low",IF(ev_charging_network_usage_!$I82<=30,"Medium","High")) -> High | O82: =IF(M82<=2,"Low Satisfaction",IF(M82<=4,"Medium Satisfaction","High Satisfaction")) -> High Satisfaction | P82: =IF(ev_charging_network_usage_!$H82<30,"Short Charging",IF(ev_charging_network_usage_!$H82<=60,"Medium Charging","Long Charging")) -> Medium Charging | Q82: =IF(C82="Fast Charger",1,IF(C82="Standard Charger",2,IF(C82="Super Fast Charger",3,""))) -> 3 | R82: =TIME(HOUR(F82),MINUTE(F82),SECOND(F82)) -> 0.48888889 | S82: =DATE(YEAR(F82),MONTH(F82),DAY(F82)) -> 45535
A83: EVS100080 | B83: Kolkata | C83: Standard Charger | D83: Electric Bus | E83: Non-Member | F83: 17-06-2024 19:13 | G83: 17-06-2024 19:56 | H83: 43 | I83: 2.06 | J83: 10 | K83: 20.6 | L83: Credit Card | M83: 5 | N83: =IF(ev_charging_network_usage_!$I83<=10,"Low",IF(ev_charging_network_usage_!$I83<=30,"Medium","High")) -> Low | O83: =IF(M83<=2,"Low Satisfaction",IF(M83<=4,"Medium Satisfaction","High Satisfaction")) -> High Satisfaction | P83: =IF(ev_charging_network_usage_!$H83<30,"Short Charging",IF(ev_charging_network_usage_!$H83<=60,"Medium Charging","Long Charging")) -> Medium Charging | Q83: =IF(C83="Fast Charger",1,IF(C83="Standard Charger",2,IF(C83="Super Fast Charger",3,""))) -> 2 | R83: =TIME(HOUR(F83),MINUTE(F83),SECOND(F83)) -> 0.80069444 | S83: =DATE(YEAR(F83),MONTH(F83),DAY(F83)) -> 45460
A84: EVS100081 | B84: Hyderabad | C84: Standard Charger | D84: 3W EV | E84: Member | F84: 45172.107 | G84: 45172.143 | H84: 52 | I84: 51.54 | J84: 8 | K84: 412.32 | L84: Credit Card | M84: 3 | N84: =IF(ev_charging_network_usage_!$I84<=10,"Low",IF(ev_charging_network_usage_!$I84<=30,"Medium","High")) -> High | O84: =IF(M84<=2,"Low Satisfaction",IF(M84<=4,"Medium Satisfaction","High Satisfaction")) -> Medium Satisfaction | P84: =IF(ev_charging_network_usage_!$H84<30,"Short Charging",IF(ev_charging_network_usage_!$H84<=60,"Medium Charging","Long Charging")) -> Medium Charging | Q84: =IF(C84="Fast Charger",1,IF(C84="Standard Charger",2,IF(C84="Super Fast Charger",3,""))) -> 2 | R84: =TIME(HOUR(F84),MINUTE(F84),SECOND(F84)) -> 0.10694444 | S84: =DATE(YEAR(F84),MONTH(F84),DAY(F84)) -> 45172
A85: EVS100082 | B85: Hyderabad | C85: Standard Charger | D85: 3W EV | E85: Non-Member | F85: 19-11-2024 17:05 | G85: 19-11-2024 18:57 | H85: 112 | I85: 4.01 | J85: 15 | K85: 60.15 | L85: Subscription | M85: 1 | N85: =IF(ev_charging_network_usage_!$I85<=10,"Low",IF(ev_charging_network_usage_!$I85<=30,"Medium","High")) -> Low | O85: =IF(M85<=2,"Low Satisfaction",IF(M85<=4,"Medium Satisfaction","High Satisfaction")) -> Low Satisfaction | P85: =IF(ev_charging_network_usage_!$H85<30,"Short Charging",IF(ev_charging_network_usage_!$H85<=60,"Medium Charging","Long Charging")) -> Long Charging | Q85: =IF(C85="Fast Charger",1,IF(C85="Standard Charger",2,IF(C85="Super Fast Charger",3,""))) -> 2 | R85: =TIME(HOUR(F85),MINUTE(F85),SECOND(F85)) -> 0.71180556 | S85: =DATE(YEAR(F85),MONTH(F85),DAY(F85)) -> 45615
A86: EVS100083 | B86: Kolkata | C86: Standard Charger | D86: 3W EV | E86: Non-Member | F86: 24-10-2023 05:05 | G86: 24-10-2023 05:22 | H86: 17 | I86: 20.2 | J86: 12 | K86: 242.4 | L86: UPI | M86: 2 | N86: =IF(ev_charging_network_usage_!$I86<=10,"Low",IF(ev_charging_network_usage_!$I86<=30,"Medium","High")) -> Medium | O86: =IF(M86<=2,"Low Satisfaction",IF(M86<=4,"Medium Satisfaction","High Satisfaction")) -> Low Satisfaction | P86: =IF(ev_charging_network_usage_!$H86<30,"Short Charging",IF(ev_charging_network_usage_!$H86<=60,"Medium Charging","Long Charging")) -> Short Charging | Q86: =IF(C86="Fast Charger",1,IF(C86="Standard Charger",2,IF(C86="Super Fast Charger",3,""))) -> 2 | R86: =TIME(HOUR(F86),MINUTE(F86),SECOND(F86)) -> 0.21180556 | S86: =DATE(YEAR(F86),MONTH(F86),DAY(F86)) -> 45223
A87: EVS100084 | B87: Chennai | C87: Fast Charger | D87: Electric Bus | E87: Member | F87: 44938.06 | G87: 44938.103 | H87: 61 | I87: 48.2 | J87: 15 | K87: 723 | L87: Subscription | M87: 4 | N87: =IF(ev_charging_network_usage_!$I87<=10,"Low",IF(ev_charging_network_usage_!$I87<=30,"Medium","High")) -> High | O87: =IF(M87<=2,"Low Satisfaction",IF(M87<=4,"Medium Satisfaction","High Satisfaction")) -> Medium Satisfaction | P87: =IF(ev_charging_network_usage_!$H87<30,"Short Charging",IF(ev_charging_network_usage_!$H87<=60,"Medium Charging","Long Charging")) -> Long Charging | Q87: =IF(C87="Fast Charger",1,IF(C87="Standard Charger",2,IF(C87="Super Fast Charger",3,""))) -> 1 | R87: =TIME(HOUR(F87),MINUTE(F87),SECOND(F87)) -> 0.060416667 | S87: =DATE(YEAR(F87),MONTH(F87),DAY(F87)) -> 44938
A88: EVS100085 | B88: Chennai | C88: Super Fast Charger | D88: Electric Bus | E88: Non-Member | F88: 24-06-2023 09:03 | G88: 24-06-2023 09:16 | H88: 13 | I88: 27.87 | J88: 10 | K88: 278.7 | L88: Wallet | M88: 2 | N88: =IF(ev_charging_network_usage_!$I88<=10,"Low",IF(ev_charging_network_usage_!$I88<=30,"Medium","High")) -> Medium | O88: =IF(M88<=2,"Low Satisfaction",IF(M88<=4,"Medium Satisfaction","High Satisfaction")) -> Low Satisfaction | P88: =IF(ev_charging_network_usage_!$H88<30,"Short Charging",IF(ev_charging_network_usage_!$H88<=60,"Medium Charging","Long Charging")) -> Short Charging | Q88: =IF(C88="Fast Charger",1,IF(C88="Standard Charger",2,IF(C88="Super Fast Charger",3,""))) -> 3 | R88: =TIME(HOUR(F88),MINUTE(F88),SECOND(F88)) -> 0.37708333 | S88: =DATE(YEAR(F88),MONTH(F88),DAY(F88)) -> 45101
A89: EVS100086 | B89: Pune | C89: Fast Charger | D89: Electric Bus | E89: Non-Member | F89: 16-08-2023 16:28 | G89: 16-08-2023 17:15 | H89: 47 | I89: 25.86 | J89: 8 | K89: 206.88 | L89: UPI | M89: 3 | N89: =IF(ev_charging_network_usage_!$I89<=10,"Low",IF(ev_charging_network_usage_!$I89<=30,"Medium","High")) -> Medium | O89: =IF(M89<=2,"Low Satisfaction",IF(M89<=4,"Medium Satisfaction","High Satisfaction")) -> Medium Satisfaction | P89: =IF(ev_charging_network_usage_!$H89<30,"Short Charging",IF(ev_charging_network_usage_!$H89<=60,"Medium Charging","Long Charging")) -> Medium Charging | Q89: =IF(C89="Fast Charger",1,IF(C89="Standard Charger",2,IF(C89="Super Fast Charger",3,""))) -> 1 | R89: =TIME(HOUR(F89),MINUTE(F89),SECOND(F89)) -> 0.68611111 | S89: =DATE(YEAR(F89),MONTH(F89),DAY(F89)) -> 45154
A90: EVS100087 | B90: Kolkata | C90: Fast Charger | D90: Electric Bus | E90: Member | F90: 44938.296 | G90: 44938.367 | H90: 102 | I90: 40.23 | J90: 10 | K90: 402.3 | L90: Wallet | M90: 1 | N90: =IF(ev_charging_network_usage_!$I90<=10,"Low",IF(ev_charging_network_usage_!$I90<=30,"Medium","High")) -> High | O90: =IF(M90<=2,"Low Satisfaction",IF(M90<=4,"Medium Satisfaction","High Satisfaction")) -> Low Satisfaction | P90: =IF(ev_charging_network_usage_!$H90<30,"Short Charging",IF(ev_charging_network_usage_!$H90<=60,"Medium Charging","Long Charging")) -> Long Charging | Q90: =IF(C90="Fast Charger",1,IF(C90="Standard Charger",2,IF(C90="Super Fast Charger",3,""))) -> 1 | R90: =TIME(HOUR(F90),MINUTE(F90),SECOND(F90)) -> 0.29583333 | S90: =DATE(YEAR(F90),MONTH(F90),DAY(F90)) -> 44938
A91: EVS100088 | B91: Kolkata | C91: Super Fast Charger | D91: 3W EV | E91: Member | F91: 45049.775 | G91: 45049.802 | H91: 39 | I91: 35.48 | J91: 12 | K91: 425.76 | L91: Subscription | M91: 5 | N91: =IF(ev_charging_network_usage_!$I91<=10,"Low",IF(ev_charging_network_usage_!$I91<=30,"Medium","High")) -> High | O91: =IF(M91<=2,"Low Satisfaction",IF(M91<=4,"Medium Satisfaction","High Satisfaction")) -> High Satisfaction | P91: =IF(ev_charging_network_usage_!$H91<30,"Short Charging",IF(ev_charging_network_usage_!$H91<=60,"Medium Charging","Long Charging")) -> Medium Charging | Q91: =IF(C91="Fast Charger",1,IF(C91="Standard Charger",2,IF(C91="Super Fast Charger",3,""))) -> 3 | R91: =TIME(HOUR(F91),MINUTE(F91),SECOND(F91)) -> 0.775 | S91: =DATE(YEAR(F91),MONTH(F91),DAY(F91)) -> 45049
A92: EVS100089 | B92: Bangalore | C92: Standard Charger | D92: 3W EV | E92: Non-Member | F92: 20-07-2024 23:39 | G92: 21-07-2024 01:19 | H92: 100 | I92: 48.7 | J92: 10 | K92: 487 | L92: Subscription | M92: 3 | N92: =IF(ev_charging_network_usage_!$I92<=10,"Low",IF(ev_charging_network_usage_!$I92<=30,"Medium","High")) -> High | O92: =IF(M92<=2,"Low Satisfaction",IF(M92<=4,"Medium Satisfaction","High Satisfaction")) -> Medium Satisfaction | P92: =IF(ev_charging_network_usage_!$H92<30,"Short Charging",IF(ev_charging_network_usage_!$H92<=60,"Medium Charging","Long Charging")) -> Long Charging | Q92: =IF(C92="Fast Charger",1,IF(C92="Standard Charger",2,IF(C92="Super Fast Charger",3,""))) -> 2 | R92: =TIME(HOUR(F92),MINUTE(F92),SECOND(F92)) -> 0.98541667 | S92: =DATE(YEAR(F92),MONTH(F92),DAY(F92)) -> 45493
A93: EVS100090 | B93: Hyderabad | C93: Super Fast Charger | D93: 3W EV | E93: Non-Member | F93: 45293.713 | G93: 45293.783 | H93: 101 | I93: 27.63 | J93: 15 | K93: 414.45 | L93: Subscription | M93: 4 | N93: =IF(ev_charging_network_usage_!$I93<=10,"Low",IF(ev_charging_network_usage_!$I93<=30,"Medium","High")) -> Medium | O93: =IF(M93<=2,"Low Satisfaction",IF(M93<=4,"Medium Satisfaction","High Satisfaction")) -> Medium Satisfaction | P93: =IF(ev_charging_network_usage_!$H93<30,"Short Charging",IF(ev_charging_network_usage_!$H93<=60,"Medium Charging","Long Charging")) -> Long Charging | Q93: =IF(C93="Fast Charger",1,IF(C93="Standard Charger",2,IF(C93="Super Fast Charger",3,""))) -> 3 | R93: =TIME(HOUR(F93),MINUTE(F93),SECOND(F93)) -> 0.71319444 | S93: =DATE(YEAR(F93),MONTH(F93),DAY(F93)) -> 45293
A94: EVS100091 | B94: Chennai | C94: Super Fast Charger | D94: 3W EV | E94: Non-Member | F94: 45023.814 | G94: 45023.874 | H94: 86 | I94: 18 | J94: 12 | K94: 216 | L94: Credit Card | M94: 4 | N94: =IF(ev_charging_network_usage_!$I94<=10,"Low",IF(ev_charging_network_usage_!$I94<=30,"Medium","High")) -> Medium | O94: =IF(M94<=2,"Low Satisfaction",IF(M94<=4,"Medium Satisfaction","High Satisfaction")) -> Medium Satisfaction | P94: =IF(ev_charging_network_usage_!$H94<30,"Short Charging",IF(ev_charging_network_usage_!$H94<=60,"Medium Charging","Long Charging")) -> Long Charging | Q94: =IF(C94="Fast Charger",1,IF(C94="Standard Charger",2,IF(C94="Super Fast Charger",3,""))) -> 3 | R94: =TIME(HOUR(F94),MINUTE(F94),SECOND(F94)) -> 0.81388889 | S94: =DATE(YEAR(F94),MONTH(F94),DAY(F94)) -> 45023
A95: EVS100092 | B95: Mumbai | C95: Standard Charger | D95: Electric Bus | E95: Member | F95: 31-08-2024 22:05 | G95: 31-08-2024 23:46 | H95: 101 | I95: 13.63 | J95: 8 | K95: 109.04 | L95: Wallet | M95: 5 | N95: =IF(ev_charging_network_usage_!$I95<=10,"Low",IF(ev_charging_network_usage_!$I95<=30,"Medium","High")) -> Medium | O95: =IF(M95<=2,"Low Satisfaction",IF(M95<=4,"Medium Satisfaction","High Satisfaction")) -> High Satisfaction | P95: =IF(ev_charging_network_usage_!$H95<30,"Short Charging",IF(ev_charging_network_usage_!$H95<=60,"Medium Charging","Long Charging")) -> Long Charging | Q95: =IF(C95="Fast Charger",1,IF(C95="Standard Charger",2,IF(C95="Super Fast Charger",3,""))) -> 2 | R95: =TIME(HOUR(F95),MINUTE(F95),SECOND(F95)) -> 0.92013889 | S95: =DATE(YEAR(F95),MONTH(F95),DAY(F95)) -> 45535
A96: EVS100093 | B96: Ahmedabad | C96: Standard Charger | D96: 3W EV | E96: Non-Member | F96: 27-04-2023 13:22 | G96: 27-04-2023 15:14 | H96: 112 | I96: 19.57 | J96: 15 | K96: 293.55 | L96: UPI | M96: 3 | N96: =IF(ev_charging_network_usage_!$I96<=10,"Low",IF(ev_charging_network_usage_!$I96<=30,"Medium","High")) -> Medium | O96: =IF(M96<=2,"Low Satisfaction",IF(M96<=4,"Medium Satisfaction","High Satisfaction")) -> Medium Satisfaction | P96: =IF(ev_charging_network_usage_!$H96<30,"Short Charging",IF(ev_charging_network_usage_!$H96<=60,"Medium Charging","Long Charging")) -> Long Charging | Q96: =IF(C96="Fast Charger",1,IF(C96="Standard Charger",2,IF(C96="Super Fast Charger",3,""))) -> 2 | R96: =TIME(HOUR(F96),MINUTE(F96),SECOND(F96)) -> 0.55694444 | S96: =DATE(YEAR(F96),MONTH(F96),DAY(F96)) -> 45043
A97: EVS100094 | B97: Pune | C97: Fast Charger | D97: 4W EV | E97: Member | F97: 22-02-2023 17:34 | G97: 22-02-2023 19:07 | H97: 93 | I97: 31.17 | J97: 12 | K97: 374.04 | L97: Subscription | M97: 4 | N97: =IF(ev_charging_network_usage_!$I97<=10,"Low",IF(ev_charging_network_usage_!$I97<=30,"Medium","High")) -> High | O97: =IF(M97<=2,"Low Satisfaction",IF(M97<=4,"Medium Satisfaction","High Satisfaction")) -> Medium Satisfaction | P97: =IF(ev_charging_network_usage_!$H97<30,"Short Charging",IF(ev_charging_network_usage_!$H97<=60,"Medium Charging","Long Charging")) -> Long Charging | Q97: =IF(C97="Fast Charger",1,IF(C97="Standard Charger",2,IF(C97="Super Fast Charger",3,""))) -> 1 | R97: =TIME(HOUR(F97),MINUTE(F97),SECOND(F97)) -> 0.73194444 | S97: =DATE(YEAR(F97),MONTH(F97),DAY(F97)) -> 44979
A98: EVS100095 | B98: Delhi | C98: Standard Charger | D98: 3W EV | E98: Member | F98: 45181.63 | G98: 45181.67 | H98: 58 | I98: 48.63 | J98: 8 | K98: 389.04 | L98: Subscription | M98: 4 | N98: =IF(ev_charging_network_usage_!$I98<=10,"Low",IF(ev_charging_network_usage_!$I98<=30,"Medium","High")) -> High | O98: =IF(M98<=2,"Low Satisfaction",IF(M98<=4,"Medium Satisfaction","High Satisfaction")) -> Medium Satisfaction | P98: =IF(ev_charging_network_usage_!$H98<30,"Short Charging",IF(ev_charging_network_usage_!$H98<=60,"Medium Charging","Long Charging")) -> Medium Charging | Q98: =IF(C98="Fast Charger",1,IF(C98="Standard Charger",2,IF(C98="Super Fast Charger",3,""))) -> 2 | R98: =TIME(HOUR(F98),MINUTE(F98),SECOND(F98)) -> 0.62986111 | S98: =DATE(YEAR(F98),MONTH(F98),DAY(F98)) -> 45181
A99: EVS100096 | B99: Delhi | C99: Super Fast Charger | D99: Electric Bus | E99: Member | F99: 28-05-2023 15:06 | G99: 28-05-2023 16:44 | H99: 98 | I99: 6.81 | J99: 12 | K99: 81.72 | L99: Credit Card | M99: 4 | N99: =IF(ev_charging_network_usage_!$I99<=10,"Low",IF(ev_charging_network_usage_!$I99<=30,"Medium","High")) -> Low | O99: =IF(M99<=2,"Low Satisfaction",IF(M99<=4,"Medium Satisfaction","High Satisfaction")) -> Medium Satisfaction | P99: =IF(ev_charging_network_usage_!$H99<30,"Short Charging",IF(ev_charging_network_usage_!$H99<=60,"Medium Charging","Long Charging")) -> Long Charging | Q99: =IF(C99="Fast Charger",1,IF(C99="Standard Charger",2,IF(C99="Super Fast Charger",3,""))) -> 3 | R99: =TIME(HOUR(F99),MINUTE(F99),SECOND(F99)) -> 0.62916667 | S99: =DATE(YEAR(F99),MONTH(F99),DAY(F99)) -> 45074
A100: EVS100097 | B100: Kolkata | C100: Fast Charger | D100: 4W EV | E100: Non-Member | F100: 18-08-2023 01:29 | G100: 18-08-2023 01:54 | H100: 25 | I100: 26.86 | J100: 8 | K100: 214.88 | L100: UPI | M100: 4 | N100: =IF(ev_charging_network_usage_!$I100<=10,"Low",IF(ev_charging_network_usage_!$I100<=30,"Medium","High")) -> Medium | O100: =IF(M100<=2,"Low Satisfaction",IF(M100<=4,"Medium Satisfaction","High Satisfaction")) -> Medium Satisfaction | P100: =IF(ev_charging_network_usage_!$H100<30,"Short Charging",IF(ev_charging_network_usage_!$H100<=60,"Medium Charging","Long Charging")) -> Short Charging | Q100: =IF(C100="Fast Charger",1,IF(C100="Standard Charger",2,IF(C100="Super Fast Charger",3,""))) -> 1 | R100: =TIME(HOUR(F100),MINUTE(F100),SECOND(F100)) -> 0.061805556 | S100: =DATE(YEAR(F100),MONTH(F100),DAY(F100)) -> 45156
...

Sheet KPI
A9: TOTAL REVENUE
A10: =SUM(ev_charging_network_usage_!K:K) -> 2260491.7
A13: TOTAL CHARGING SESSIONS
A14: =COUNTA(ev_charging_network_usage_!A2:A6502) -> 6500
A16: AVERAGE ENERGY CONSUMED
A17: =AVERAGE(ev_charging_network_usage_!I:I) -> 30.914457
A19: AVERAGE CUSTOMER RATING
A20: =AVERAGE(ev_charging_network_usage_!M:M) -> 2.9927692

Sheet pivot table
C2: a) Station Utilization
C3: Count of charging sessions by Station_Type
B6: Row Labels | C6: Count of Session_ID
B7: Fast Charger | C7: 2124
B8: Standard Charger | C8: 2141
B9: Super Fast Charger | C9: 2235
B10: Grand Total | C10: 6500
C16: Average Charging Duration by Station_Type
B18: Row Labels | C18: Average of Charging_Duration_Minutes
B19: Fast Charger | C19: 64.529661
B20: Standard Charger | C20: 63.352639
B21: Super Fast Charger | C21: 64.195973
B22: Grand Total | C22: 64.027231
C26: b) Vehicle Usage
C27: Energy consumption by Vehicle_Type
B29: Row Labels | C29: Average of Energy_Consumed_kWh
B30: 2W EV | C30: 30.308164
B31: 3W EV | C31: 31.706892
B32: 4W EV | C32: 31.689943
B33: Electric Bus | C33: 29.99903
B34: Grand Total | C34: 30.914457
C42: Revenue generated by Vehicle_Type
B44: Row Labels | C44: Sum of Revenue
B45: 2W EV | C45: 562522.07
B46: 3W EV | C46: 583503.21
B47: 4W EV | C47: 560716.01
B48: Electric Bus | C48: 553750.38
B49: Grand Total | C49: 2260491.7
C53: c) Customer Experience
C54: 1.Average Rating by Station_Type
B56: Row Labels | C56: Average of Customer_Rating
B57: Fast Charger | C57: 3.0117702
B58: Standard Charger | C58: 3.0018683
B59: Super Fast Charger | C59: 2.9659955
B60: Grand Total | C60: 2.9927692
F61: Rating distribution by Membership_Type
F62: Average of Customer_Rating | G62: Column Labels
F63: Row Labels | G63: 1 | H63: 2 | I63: 3 | J63: 4 | K63: 5 | L63: Grand Total
F64: Member | G64: 1 | H64: 2 | I64: 3 | J64: 4 | K64: 5 | L64: 2.9935444
F65: Non-Member | G65: 1 | H65: 2 | I65: 3 | J65: 4 | K65: 5 | L65: 2.9919926
F66: Grand Total | G66: 1 | H66: 2 | I66: 3 | J66: 4 | K66: 5 | L66: 2.9927692
B71: Row Labels | C71: Sum of Revenue
B72: Ahmedabad | C72: 279913.62
B73: Bangalore | C73: 272049.21
B74: Chennai | C74: 275917.56
B75: Delhi | C75: 280954.51
B76: Hyderabad | C76: 294720.95
B77: Kolkata | C77: 308122.98
B78: Mumbai | C78: 270106.44
B79: Pune | C79: 278706.4
B80: Grand Total | C80: 2260491.7
B91: Row Labels | C91: Count of Session_ID
B92: Fast Charger | C92: 2124
B93: Standard Charger | C93: 2141
B94: Super Fast Charger | C94: 2235
B95: Grand Total | C95: 6500
B108: Row Labels | C108: Average of Energy_Consumed_kWh
B109: 2023 | C109: 30.558155
B110: 2024 | C110: 31.283479
B111: Grand Total | C111: 30.914457

Sheet VISUALIZATION
G1: VISUALIZATION

Sheet DASSHBOARD
A38: 🔋 ELECTRONIC VEHICLE NETWORK CHARGING ANALYSIS
E50: =KPI!A10 -> 2260491.7 | I50: =KPI!A14 -> 6500 | N50: =KPI!A17 -> 30.914457 | T50: =KPI!A20 -> 2.9927692

Sheet Scatter PLot
A1: Charging_Duration_Minutes | B1: Energy_Consumed_kWh
A2: 82 | B2: 2.01
A3: 26 | B3: 25
A4: 111 | B4: 41.74
A5: 39 | B5: 33
A6: 104 | B6: 13.49
A7: 67 | B7: 52.83
A8: 23 | B8: 17.84
A9: 81 | B9: 26.42
A10: 34 | B10: 20.3
A11: 119 | B11: 3.98
A12: 35 | B12: 18.27
A13: 19 | B13: 7.58
... A6502: 55 | B6502: 46.64
